ID;MARCA;MODELO;PRECO;PAIS;REGIAO;NOME;DATA
258;Honda;NSX;59266.85;Brazil;S„o Paulo;Emmaline O'Fallon;07/06/2020
939;Ford;Ecosport;67307.00;Argentina;Buenos Aires;Jaimie Stagg;09/06/2020
559;Renault;Grand Tour;69046.00;France;Marselha;Alphonso Saulter;09/06/2020
313;Chevrolet;Cruze;44124.00;United States;Washington;Gilda Golsworthy;09/06/2020
772;Renault;Clio;77895.00;China;Sichuan;Alix Voller;13/06/2020
846;Chevrolet;Camaro;76092.00;United States;Washington;Andrus Barrat;13/06/2020
881;Ford;Ranger;75798.00;France;Lyon;Aimee Gansbuhler;15/06/2020
560;Volkswagen;Voyage;76256.00;Brazil;Rio de Janeiro;Erik Antley;17/06/2020
797;Chevrolet;Camaro;74284.00;Argentina;Chaco;Lyon Brimblecomb;20/06/2020
814;Ferrari;Portofino;78443.00;Argentina;Mendonza;Horacio Dollard;21/06/2020
117;BMW;X3;66880.99;France;Marselha;Marijn Pechet;03/07/2019
713;Ford;Ka;41336.00;United States;Florida;Armin O'Dea;15/07/2019
855;Volkswagen;Passat;44352.00;United States;Oklahoma;Suzann Yendle;15/07/2019
447;Ford;Mustang;56224.00;China;Shandong;Aubree Gothrup;17/07/2019
288;Renault;Duster;45937.00;France;Marselha;Geraldine Spellecy;19/07/2019
916;Ford;Ranger;77464.00;China;Xangai;Emelda Sturge;23/07/2019
517;BMW;I8;74823.00;Argentina;Chaco;Henry Baxandall;25/07/2019
775;Chevrolet;Tracker;78131.00;United States;Florida;Melody Newnham;29/07/2019
670;Chevrolet;Camaro;73154.00;Argentina;CÛrdova;Redford Evenett;31/07/2019
431;BMW;BMW SÈrie 3;58275.00;Brazil;Maranh„o;Cindy Lombard;31/07/2019
45;Ford;Ka;71827.00;Brazil;Amazonas;Anders Ellen;12/08/2018
598;Ford;Ranger;61561.00;Argentina;Chaco;Joye Elderfield;14/08/2018
388;BMW;I8;50315.00;Argentina;Chaco;Gregorius Burdekin;18/08/2018
593;Volkswagen;Voyage;41996.00;France;Tolouse;Janet Gascoyen;18/08/2018
681;Ford;Teritory;71169.00;Argentina;Tucum·n;Porty Erridge;21/02/2018
495;Volkswagen;Gol;44274.00;Argentina;Chaco;Gabe Speers;24/08/2018
250;BMW;Z4;41009.00;Brazil;Minas Gerais;Doris Borell;28/08/2018
545;Volkswagen;Golf;43400.00;Brazil;Rio de Janeiro;Berke Pedican;28/08/2018
217;Ford;Ranger;61473.00;Argentina;Tucum·n;Isa Laycock;30/01/2018
407;Ford;Fusion;69932.00;Brazil;Rio Grande do Sul;Chloe Giacomini;07/09/2018
840;BMW;I8;72981.00;Brazil;Maranh„o;Wilmette Wrathmell;09/09/2017
755;Honda;HR-V;49164.00;China;Hubei;Janine Blackhurst;09/09/2017
603;Honda;Fit;48270.00;China;Hubei;Temp Pressland;09/09/2017
518;Ford;Fiesta;76697.00;Brazil;Espirito Santo;Burch Sappson;12/09/2017
866;Renault;Logan;42274.00;France;Nice;Anna-maria McGaw;12/09/2017
105;Ford;Ranger;72929.00;China;Hubei;Dominic Lilley;14/09/2017
610;Renault;Sandero;48480.00;Brazil;S„o Paulo;Marcile Trumble;15/09/2017
271;Honda;Accord;65398.00;Brazil;Bahia;Lennie Skyme;18/09/2017
600;Ford;Fusion;59769.00;China;Pequim;Floyd Buckham;06/10/2017
623;Honda;CR-V;62716.00;China;Pequim;Janeen Brankley;07/10/2017
242;Renault;Logan;70906.00;France;Paris;Nero Simoens;07/10/2016
669;Ferrari;F50;52354.00;United States;Florida;Kyla Lutzmann;09/10/2016
726;Renault;Sandero;75096.00;China;Pequim;Roi Angeli;13/10/2016
924;Ford;Fusion;54774.00;Japan;Saitama;Melloney Priestland;17/10/2016
671;Ferrari;Enzo;61547.00;United States;Oklahoma;Eleonore Blyth;17/10/2016
424;Chevrolet;Tracker;50156.00;France;Tolouse;Maryjane Garrals;18/10/2016
836;Volkswagen;Voyage;52696.00;Japan;Osaka;Ricky Wenger;19/10/2016
510;Chevrolet;Prisma;63433.00;China;Shandong;Beatrice Baignard;20/10/2016
900;Renault;Clio;55502.00;Argentina;CÛrdova;Clevie Lambrick;24/10/2016
937;Ford;Fiesta;72476.00;Brazil;S„o Paulo;Carmel Gannicleff;25/10/2016
883;Honda;City;59637.00;France;Paris;Jacques Wylder;29/10/2015
798;Honda;Fit;40321.00;Japan;Kyoto;Gunther Lamming;29/12/2015
368;Chevrolet;Equinox;71260.00;Japan;Kyoto;Kacy Fortoun;04/11/2015
548;Ferrari;Dino 246;46504.00;United States;Ohio;Lolita Bastone;06/11/2015
534;Honda;City;66536.00;France;Nice;Linda Acock;10/11/2015
462;Renault;Sandero;56111.00;China;Sichuan;Rafi Walcar;12/11/2015
528;Renault;Sandero;61983.00;Argentina;CÛrdova;Helga Fallowfield;15/11/2015
565;Chevrolet;Cruze;56305.00;France;Paris;Hortensia Raulin;16/11/2015
564;Ford;Ranger;53251.00;China;Sichuan;Vladamir Bisatt;17/11/2015
355;Ford;Ranger;49555.00;Argentina;Chaco;North Popplewell;19/01/2015
237;Volkswagen;Gol;67243.00;Japan;Saitama;Waite Winspurr;19/11/2014
168;Honda;S2000;43105.00;Japan;Yokohama;Horace Heinl;25/11/2014
785;Volkswagen;Voyage;74610.00;Brazil;Santa Catarina;Perrine Longfellow;28/11/2014
391;Ferrari;488;42070.00;China;Pequim;Keriann Turfitt;05/12/2014
486;Honda;Accord;46926.00;United States;Florida;Albertina Osbaldstone;05/12/2014
281;Honda;Accord;72073.00;Japan;Osaka;Ruggiero Belly;06/12/2014
746;Honda;Civic;59514.00;China;Shandong;Emanuel Rearie;09/12/2014
624;Volkswagen;Gol;63609.00;France;Marselha;Briant Seer;09/12/2014
443;BMW;BMW SÈrie 1;63629.00;Brazil;Maranh„o;Farrand Sheekey;11/12/2014
451;Honda;HR-V;79644.00;Japan;Yokohama;Kirsti Binyon;11/12/2014
688;Chevrolet;Camaro;44754.00;Argentina;Mendonza;Anjela Ragles;12/12/2013
577;Volkswagen;UP!;61037.00;China;Shandong;Calley Swire;13/12/2013
306;Renault;Grand Tour;43552.00;France;Nice;Cyrill Delicate;14/12/2013
13;Honda;Accord;47978.00;China;Pequim;Hedda Cashin;15/12/2013
765;Chevrolet;Cruze;48003.00;United States;Florida;Patsy Covey;17/12/2013
801;Ford;Mustang;69902.00;Argentina;Chaco;Rachel Tombleson;18/12/2013
131;Honda;NSX;48612.00;Brazil;Bahia;Any Slater;20/12/2013
950;Renault;Sandero;65747.00;France;Marselha;Nadia Baumert;20/12/2013
763;Ford;Mustang;52615.00;Japan;Osaka;Marney Bonsall;25/12/2013
754;Honda;NSX;48920.00;China;Hubei;Naomi Ellwand;29/12/2013
938;Chevrolet;Onix;74337.00;Brazil;Rio Grande do Norte;Olga Stigell;01/01/2013
719;Volkswagen;Golf;72987.00;Brazil;S„o Paulo;Jamill Troup;07/01/2013
802;Honda;Accord;53520.00;China;Xangai;Aubrey Rany;20/01/2013
940;Chevrolet;Prisma;58157.00;United States;Washington;Shaylynn Binnie;22/01/2013
230;Chevrolet;Prisma;63846.00;France;Marselha;Tedie Corden;26/01/2013
776;BMW;BMW SÈrie 1;60167.39;United States;California;Katusha Pluthero;26/01/2013
144;Volkswagen;Voyage;63467.00;France;Lyon;Skippie Doick;28/01/2013
143;Ford;Fusion;47221.00;China;Hubei;Emylee Frantsev;01/02/2013
909;Chevrolet;Spin;71665.00;Argentina;Tucum·n;Cherise McKea;05/02/2013
795;Renault;Clio;54543.00;China;Pequim;Stearne Duguid;07/02/2013
80;Honda;Accord;42818.00;Brazil;Espirito Santo;Oralle Pavel;08/02/2013
276;Volkswagen;Fox;61154.00;Brazil;Pernambuco;Olenka Moxson;09/02/2013
202;Chevrolet;Prisma;75296.00;United States;California;Jakie Scarrisbrick;12/02/2013
426;Ford;Ka;55179.00;China;Shandong;Devina Albutt;22/02/2013
951;Ferrari;Portofino;61168.00;Japan;Saitama;Melvyn Stopforth;23/02/2013
566;Volkswagen;Golf;51423.00;Brazil;Rio de Janeiro;Tracee Stemp;24/02/2013
76;Honda;Accord;74564.00;Brazil;Bahia;Karisa Stormonth;28/02/2013
524;Renault;Sandero;45326.00;Japan;Osaka;Nan Teligin;01/03/2013
458;BMW;BMW SÈrie 3;74828.00;United States;Florida;Justinian Fairbourne;04/03/2013
920;Chevrolet;Spin;66774.00;Argentina;Mendonza;Freddie Nickless;15/03/2013
180;Ford;Ranger;45423.00;Japan;Osaka;Lamond Grubbe;20/03/2013
104;Chevrolet;Equinox;45741.00;China;Xangai;Eileen Fritz;22/03/2013
771;Renault;Sandero;78221.00;France;Paris;Hayes Gilston;30/03/2013
145;Honda;S2000;50142.00;China;Xangai;Symon Rowlatt;03/04/2013
512;Honda;NSX;78826.00;United States;Florida;Lucretia Billanie;13/04/2013
198;Renault;Logan;60066.00;China;Sichuan;Sela Samuels;14/04/2013
752;Chevrolet;Prisma;60101.00;Japan;Yokohama;Barbi Tolley;16/04/2013
927;BMW;I8;45930.00;Argentina;Mendonza;Thorsten Jikylls;22/04/2013
66;Chevrolet;Camaro;78604.00;Argentina;Tucum·n;Conway Hoys;23/04/2013
635;Ford;Ranger;65408.00;Brazil;Espirito Santo;Anton Deely;23/04/2013
29;Ford;Ecosport;78292.00;China;Xangai;Arnaldo Lorkings;24/04/2013
382;Honda;NSX;56903.00;Brazil;S„o Paulo;Terrence Erskine Sandys;27/04/2013
555;Volkswagen;Passat;40937.00;China;Pequim;Nara McGahey;27/01/2013
387;Honda;HR-V;76003.00;China;Hubei;Myles Appleby;30/04/2013
857;Volkswagen;Gol;55379.00;France;Paris;Ginny McTavy;02/05/2013
527;Honda;City;65522.00;China;Xangai;Odele Ecles;10/05/2013
286;Ford;Mustang;63194.00;China;Shandong;Ferrell Hickisson;11/05/2013
119;Renault;Duster;58869.00;Argentina;Tucum·n;Benson Pickthorne;13/05/2013
504;Ford;Mustang;70000.00;Brazil;Goi·s;Costa Dilliston;14/05/2013
583;Renault;Logan;60161.00;Brazil;Santa Catarina;Starlene Gretham;14/05/2013
540;Volkswagen;Golf;52111.00;Argentina;Buenos Aires;Chryste Storrier;17/05/2013
696;Ferrari;Enzo;67875.00;United States;Florida;Terri Perrinchief;19/05/2013
652;Renault;Kwid;60299.00;Japan;Tokyo;Guillemette Reade;25/05/2013
308;Chevrolet;Onix;74152.00;Argentina;CÛrdova;Carr Wogden;26/05/2013
309;Honda;CR-V;70911.00;Japan;Yokohama;Arvin O' Timony;27/05/2013
12;Chevrolet;Prisma;40440.00;Argentina;Tucum·n;Alaine Carr;28/05/2013
944;Chevrolet;Onix;70473.00;Brazil;Rio Grande do Sul;Wilhelmina Wiersma;30/05/2013
325;Ford;Ecosport;45012.00;United States;Oklahoma;Ferguson Eastbury;03/06/2013
709;BMW;X5;66237.00;France;Marselha;Solomon Skones;05/06/2013
712;Honda;S2000;74373.00;China;Sichuan;Cart Shilstone;06/06/2013
711;Chevrolet;Joy;72876.00;United States;Washington;Olimpia Brownlee;07/06/2013
717;Ford;Fusion;49848.00;China;Xangai;Aristotle Cicculi;12/06/2013
834;Honda;City;48230.00;Japan;Tokyo;Peta Salt;14/06/2013
674;Honda;NSX;70874.00;United States;California;Gaye Emberton;22/06/2013
606;Ford;Mustang;52516.00;Brazil;Rio Grande do Norte;Uta Torpie;27/06/2013
607;Ford;Ranger;61708.00;Brazil;Rio Grande do Sul;Evvie Capnor;28/06/2013
749;Ford;Mustang;44640.00;Brazil;Rio Grande do Sul;Adelina Sebright;29/06/2013
888;Renault;Clio;40204.00;Argentina;CÛrdova;Winna Grgic;12/07/2013
919;Honda;City;61789.00;France;Marselha;Man Nowakowski;18/07/2013
348;Ford;Ranger;52475.00;Brazil;Espirito Santo;Kliment Palfreman;22/07/2013
778;Renault;Clio;73274.00;China;Pequim;Alfie Leborgne;31/07/2013
477;Chevrolet;Onix;76553.00;Brazil;S„o Paulo;Andrea McDugal;06/08/2013
914;Chevrolet;Joy;62688.77;United States;California;Giorgio Jeannot;07/08/2013
761;BMW;X6;65421.00;Brazil;Minas Gerais;Candis Worsnip;19/08/2013
609;Honda;Civic;78754.00;China;Pequim;Georgianne Lage;24/08/2013
395;Ford;Ka;69370.00;Argentina;CÛrdova;Kevyn Cholwell;25/08/2013
865;Ferrari;488;42416.00;Argentina;Buenos Aires;Nannette Snowdon;27/08/2013
845;Chevrolet;Onix;73797.00;Brazil;Bahia;Layton Abrahim;27/08/2013
886;Renault;Duster;76030.00;France;Tolouse;Andie Aberhart;30/08/2013
663;Chevrolet;Onix;74162.00;Argentina;Chaco;Cullin Boays;01/09/2013
68;Ferrari;F50;58490.00;France;Lyon;Sephira Simond;15/09/2013
464;Volkswagen;Gol;47027.00;United States;Florida;Tim Clemow;15/09/2013
125;Honda;City;52320.00;China;Shandong;Marieann Brangan;22/09/2013
715;Volkswagen;UP!;72473.00;China;Pequim;Catlaina Hilley;25/09/2013
741;Volkswagen;Voyage;74631.00;France;Nice;Doroteya Penylton;25/09/2013
27;Honda;CR-V;79451.00;United States;California;Sydelle Jansema;25/09/2013
568;Chevrolet;Equinox;67157.00;France;Marselha;Sayers Michel;28/09/2013
239;Chevrolet;Onix;55324.00;Brazil;Bahia;Twyla Deaton;01/10/2013
67;Chevrolet;Onix;58392.00;Brazil;Espirito Santo;Devi Currell;02/10/2013
469;Honda;Civic;71554.00;United States;Oklahoma;Tedman Lean;12/10/2013
93;Renault;Sandero;69787.00;Japan;Kyoto;Briggs Topaz;19/10/2013
679;Volkswagen;Golf;68713.00;Brazil;Santa Catarina;Angeli Westgarth;24/10/2013
702;Ford;Fiesta;76267.00;Brazil;Espirito Santo;Eydie Dy;28/10/2013
465;Ford;Mustang;44534.00;Argentina;Tucum·n;Kerwinn Heims;07/11/2013
697;Renault;Clio;56858.00;France;Nice;Alejoa McGarvey;07/11/2013
437;Ford;Ecosport;60144.00;Brazil;Bahia;Brendon Climance;08/11/2013
820;Honda;S2000;42015.00;United States;Washington;Ealasaid Oret;09/11/2013
137;Honda;NSX;79775.00;China;Hubei;Alma Luipold;10/11/2013
305;Chevrolet;Onix;64551.00;Brazil;Santa Catarina;Carolan Guerrero;11/11/2013
300;Ford;Ecosport;60804.00;Brazil;S„o Paulo;Anneliese Load;12/11/2013
917;Ford;Teritory;71695.00;China;Sichuan;Fanchon Liversley;06/12/2013
401;Renault;Sandero;55147.00;France;Lyon;Lothaire Brenard;07/12/2013
892;Honda;Accord;79400.00;France;Lyon;Bellanca Windous;10/12/2013
357;Renault;Clio;62229.00;China;Xangai;Panchito Lenihan;11/12/2013
127;Honda;NSX;71014.00;Japan;Kyoto;Mychal MacWhirter;14/01/2013
251;Ford;Fusion;69546.00;Argentina;CÛrdova;Ninette Dawtrey;16/12/2013
452;BMW;I8;61067.00;United States;Florida;Teodorico Vales;19/12/2013
2;Honda;City;53060.00;United States;Ohio;Korey Causley;20/12/2013
793;Chevrolet;Joy;50851.00;Argentina;Chaco;Gavin Pabel;21/12/2013
56;Chevrolet;Tracker;65199.00;Argentina;Chaco;Filippa Ivey;23/12/2013
721;BMW;X6;76497.41;Japan;Yokohama;Jacki Venner;23/12/2013
167;Volkswagen;Gol;78208.00;France;Tolouse;Tierney Leech;25/12/2013
210;Renault;Clio;72381.00;Brazil;S„o Paulo;Maynord Lambis;28/01/2013
397;Volkswagen;Fox;64640.00;United States;California;Darbee Djordjevic;29/12/2013
791;BMW;BMW SÈrie 5;62432.00;Brazil;Goi·s;Pancho Spriggen;31/12/2013
289;Chevrolet;Equinox;42917.00;France;Nice;Hermina Gauson;01/01/2014
423;Honda;City;53486.00;France;Lyon;Jillana Betun;02/01/2014
701;Renault;Clio;57635.00;France;Tolouse;Isadore Boak;08/01/2014
444;Chevrolet;Tracker;51080.00;Japan;Yokohama;Chaunce Barnish;11/01/2014
190;Volkswagen;Polo;56790.00;France;Tolouse;Pete Elliss;15/01/2014
727;Honda;Accord;76302.00;Brazil;S„o Paulo;Madlin Mooring;20/01/2014
25;Ford;Ranger;50710.00;France;Nice;Zorine Goodricke;25/01/2014
781;Chevrolet;Joy;42180.00;China;Shandong;Quintana Pearton;26/01/2014
591;Renault;Clio;66837.00;Brazil;Rio Grande do Norte;Pammie Childrens;27/01/2014
867;Volkswagen;Passat;58834.00;Japan;Yokohama;Hurlee Casarini;27/01/2014
49;Ford;Ecosport;49126.00;Argentina;Buenos Aires;Jewelle Cheers;29/01/2014
815;Chevrolet;Prisma;50303.00;France;Marselha;Barry Studdal;31/01/2014
44;Ford;Ecosport;64677.00;China;Hubei;Winnah Oller;01/02/2014
502;Honda;Accord;71921.00;Brazil;Santa Catarina;Vasilis Saer;05/02/2014
200;Honda;Accord;50688.00;Japan;Tokyo;Arly Costell;08/02/2014
533;Renault;Sandero;64262.00;China;Sichuan;Eleonore Gasker;13/02/2014
578;Chevrolet;Onix;69198.00;Argentina;Chaco;Em Currm;16/02/2014
359;Honda;Accord;42320.00;China;Hubei;Kass Jerzak;18/02/2014
716;Renault;Grand Tour;75912.00;United States;Oklahoma;Siffre Czajkowski;18/02/2014
23;Renault;Clio;48290.00;Argentina;Buenos Aires;Lane Douch;21/11/2014
375;Honda;City;58254.00;Japan;Saitama;Angeli Jado;21/02/2014
319;Renault;Kwid;62736.00;China;Pequim;Ninetta Eplett;24/02/2014
476;Volkswagen;UP!;63184.00;Brazil;Par·;Carree Calles;25/02/2014
204;Honda;Fit;62226.00;China;Hubei;Charil Vowell;26/02/2014
542;Honda;Accord;71066.00;China;Sichuan;Thelma O'Cullen;08/03/2014
315;Volkswagen;Golf;70524.00;Brazil;Pernambuco;Elvira Braham;13/03/2014
64;Chevrolet;Cruze;51517.00;United States;Ohio;Lelia Pudner;14/03/2014
561;Volkswagen;Voyage;53940.00;Brazil;Santa Catarina;Toddy Mattaus;18/03/2014
243;Honda;HR-V;65649.00;France;Lyon;Annmaria Medling;19/03/2014
876;Renault;Grand Tour;56931.00;Japan;Kyoto;Rickey Heinsh;19/03/2014
897;Chevrolet;Camaro;74844.00;United States;Oklahoma;Goddard Wallworth;20/01/2014
515;Chevrolet;Prisma;56931.00;United States;Oklahoma;Marlow Corstorphine;23/03/2014
284;Volkswagen;Polo;59238.00;France;Tolouse;Sheryl O'Codihie;29/03/2014
349;Honda;Fit;66232.00;Argentina;Chaco;Emile Loveard;02/04/2014
236;Chevrolet;Onix;64218.00;China;Sichuan;Philbert Hallows;04/04/2014
498;BMW;BMW SÈrie 1;75365.00;Brazil;Minas Gerais;Sam Hazeldene;05/04/2014
762;Ford;Teritory;67292.00;Brazil;Rio Grande do Norte;Jaimie Bushaway;05/04/2014
184;Renault;Grand Tour;75671.00;China;Sichuan;Byrom Greenlies;06/04/2014
769;Renault;Logan;72145.00;Japan;Yokohama;Robin Inchcomb;09/04/2014
260;Volkswagen;Passat;48355.00;Brazil;Rio de Janeiro;Lawrence Wisker;15/04/2014
197;Ford;Ranger;63391.00;France;Lyon;Adolpho Chellam;16/04/2014
53;BMW;BMW SÈrie 1;76607.00;Japan;Yokohama;Kristal Duffit;20/04/2014
557;BMW;BMW SÈrie 3;67451.00;Brazil;Maranh„o;Murvyn Sitch;21/04/2014
262;Chevrolet;Cruze;75778.00;United States;Ohio;Byrle Sinott;23/04/2014
337;Ford;Edge;72001.00;Brazil;Rio Grande do Sul;Joe Shepherdson;30/04/2014
379;Ford;Ka;66475.00;Brazil;Rio Grande do Sul;Dewey Fansy;01/05/2014
530;Chevrolet;Prisma;58835.00;Brazil;Bahia;Mikel Lenard;02/05/2014
296;Ford;Fiesta;48450.00;Brazil;S„o Paulo;Meade Kubasek;14/05/2014
109;Renault;Sandero;70087.00;France;Tolouse;George Blanshard;14/05/2014
474;Ford;Ranger;60401.00;France;Nice;Florella Rickaert;16/05/2014
484;Ford;Edge;71875.00;Brazil;Rio Grande do Sul;Rolf Dunlap;21/05/2014
343;Chevrolet;Cruze;43968.00;Argentina;CÛrdova;Shirline Strickett;25/05/2014
224;Chevrolet;Camaro;51034.00;Brazil;S„o Paulo;Nevsa Vegas;25/05/2014
849;Chevrolet;Cruze;72465.00;United States;Florida;Worthy Proswell;25/05/2014
455;Chevrolet;Prisma;61817.00;Argentina;Mendonza;Lynnelle Bold;03/06/2014
943;Honda;Accord;52707.00;China;Sichuan;Ula Bruins;04/06/2014
508;Renault;Duster;66735.00;Japan;Kyoto;Bone Scotter;04/06/2014
244;Ford;Teritory;60699.00;Japan;Saitama;Eadmund Borg;11/06/2014
457;Honda;NSX;48630.00;United States;Ohio;Alanson Pantridge;19/06/2014
405;Honda;NSX;68962.00;Japan;Tokyo;Lory Strangman;26/06/2014
807;Ferrari;Enzo;48084.00;China;Xangai;Roxie Shurman;29/06/2014
58;Chevrolet;Cruze;51969.00;United States;Ohio;Andrey Billingham;30/06/2014
453;Ford;Ecosport;59760.00;Japan;Yokohama;Daffy Colhoun;04/07/2014
478;Volkswagen;Passat;77618.00;France;Lyon;Maegan Borchardt;10/07/2014
413;Renault;Grand Tour;67419.00;France;Nice;Noby Norker;10/07/2014
164;Renault;Sandero;62968.00;Japan;Yokohama;Fergus Tomlin;10/07/2014
661;BMW;X5;63110.00;Argentina;Chaco;Bibby Middlewick;11/07/2014
176;BMW;X3;53771.00;Argentina;Mendonza;Renelle Goodlad;11/01/2014
275;Honda;NSX;47037.00;China;Sichuan;Nancy Leger;12/07/2014
445;Volkswagen;Fox;65959.00;Brazil;Pernambuco;Elysha Simyson;13/07/2014
782;Ferrari;F50;75582.00;France;Lyon;Lindy Wisniowski;17/07/2014
551;Ford;Mustang;79016.00;France;Lyon;Fanny McGettigan;19/07/2014
154;Ford;Mustang;70591.00;Japan;Kyoto;Alvis Gianilli;19/07/2014
536;Volkswagen;Voyage;47973.00;Brazil;Rio de Janeiro;Durante Egre;28/07/2014
485;Chevrolet;Spin;77575.00;United States;Ohio;Jorry Swanborough;28/07/2014
61;Chevrolet;Joy;66856.00;China;Pequim;Kim McSorley;31/07/2014
657;Ford;Ranger;49071.00;China;Shandong;Derrek Messier;10/08/2014
360;Honda;Accord;53046.00;Brazil;Rio Grande do Sul;Abagael Stille;11/08/2014
18;Ferrari;F8;54573.29;Argentina;Buenos Aires;Melesa Sidle;17/08/2014
831;Ford;Ranger;58565.00;China;Shandong;Angela Sharpling;22/08/2014
699;Ford;Ecosport;44927.00;China;Sichuan;Yorker Middle;22/08/2014
553;Ford;Ka;48851.00;China;Shandong;Dusty Margerrison;28/08/2014
295;Volkswagen;Passat;64458.00;France;Marselha;Emelita Barwis;30/08/2014
520;Ford;Teritory;65354.00;Brazil;Rio Grande do Norte;Xerxes Vooght;06/09/2014
456;Renault;Clio;72135.00;France;Paris;Noella Treagus;07/09/2014
389;Volkswagen;Gol;73006.00;Brazil;Pernambuco;Didi Dron;11/09/2014
658;Volkswagen;Gol;65783.00;China;Sichuan;Oralla Stebbing;22/09/2014
42;Chevrolet;Joy;70985.00;United States;Ohio;Andros Ginner;22/09/2014
326;BMW;X6;66317.00;Brazil;Minas Gerais;Colly Twelftree;26/09/2014
641;Chevrolet;Prisma;74288.00;Brazil;S„o Paulo;Pernell Shuker;29/09/2014
107;Honda;City;51176.00;Japan;Osaka;Sophey Hounihan;03/10/2014
597;Ford;Ecosport;61414.00;Brazil;S„o Paulo;Dara MacAfee;04/10/2014
928;Ford;Mustang;79866.00;Argentina;Mendonza;Joni Trimnell;07/12/2014
941;Honda;S2000;55212.00;China;Xangai;Harland Tegler;10/10/2014
75;Honda;City;45238.00;France;Marselha;Roslyn Mortlock;14/10/2014
267;Volkswagen;Voyage;69349.00;China;Pequim;Lynnett Colley;17/10/2014
500;Honda;Accord;78581.00;Brazil;S„o Paulo;Benton Boleyn;21/10/2014
409;Ferrari;488;49705.00;Argentina;Chaco;Waverly Dunkinson;24/10/2014
69;Honda;CR-V;47637.00;France;Tolouse;Laney Benfell;25/10/2014
584;Chevrolet;Cruze;57976.00;Argentina;CÛrdova;Danella Wishkar;26/10/2014
459;Honda;CR-V;69153.00;China;Pequim;Lek Palethorpe;29/10/2014
303;BMW;X3;41563.00;Brazil;Maranh„o;Tiena Karadzas;30/10/2014
499;Volkswagen;UP!;75084.00;United States;Florida;Wallace Conti;05/11/2014
438;Volkswagen;Voyage;56401.00;Japan;Osaka;Kathie Goodley;07/11/2014
870;BMW;BMW SÈrie 1;59270.00;Brazil;Minas Gerais;Esra Owbrick;08/11/2014
273;Ford;Ecosport;73415.00;Japan;Kyoto;Yovonnda Prosh;12/11/2014
582;Volkswagen;Gol;56409.00;Brazil;Rio de Janeiro;Bridgette Hutchason;18/11/2014
683;Renault;Kwid;42761.00;China;Hubei;Haley Possek;19/11/2014
129;Ford;Ecosport;51917.00;France;Marselha;Wilone Ordidge;30/11/2014
227;Volkswagen;Voyage;72720.00;Japan;Tokyo;Brandi Jean;30/11/2014
863;Renault;Logan;49128.00;France;Marselha;West Macartney;03/12/2014
425;Ford;Mustang;55390.00;United States;Oklahoma;Emlynn Springtorp;08/12/2014
825;Volkswagen;Golf;67988.00;Brazil;Santa Catarina;Anette Hallows;11/12/2014
245;Volkswagen;Polo;49598.00;France;Paris;Caitrin Mattsson;12/12/2014
7;Renault;Clio;60114.00;United States;Florida;Cynde Bennetts;14/12/2014
38;Renault;Sandero;60604.00;Japan;Osaka;Gar Mudd;17/12/2014
232;Honda;HR-V;59432.00;Japan;Saitama;Gray Do Rosario;17/12/2014
887;Renault;Kwid;77464.00;France;Nice;Hill Dowsing;24/12/2014
535;Volkswagen;Jetta;46242.00;China;Hubei;Leicester Vear;02/01/2015
172;Volkswagen;Gol;66523.00;China;Shandong;Leroy Lealle;04/01/2015
907;Ford;Ranger;76756.00;France;Lyon;Clemmy Asche;04/01/2015
152;Volkswagen;Passat;60885.00;United States;California;Tillie Hearne;05/01/2015
229;Honda;Fit;61436.00;France;Marselha;Sean Lorman;09/04/2015
685;Ford;Fiesta;60782.00;Brazil;Rio Grande do Norte;Shina Ekless;10/01/2015
436;Renault;Grand Tour;75921.00;France;Marselha;Derk Quinney;16/12/2015
650;Ford;Mustang;55960.00;Japan;Tokyo;Ellery Gyford;24/01/2015
279;Renault;Clio;60813.00;Japan;Saitama;Rois Taffie;26/01/2015
65;Volkswagen;Polo;71129.00;Brazil;Rio de Janeiro;Debra Draayer;27/01/2015
902;Volkswagen;Passat;65491.00;France;Lyon;Margot Carlisi;27/01/2015
844;Renault;Kwid;78415.00;France;Tolouse;Morgen Gayton;02/02/2015
773;Ford;Fusion;66726.00;United States;Florida;Puff Bedward;05/02/2015
706;Ferrari;F50;71913.00;Argentina;Tucum·n;Ferne Sweynson;06/02/2015
31;Honda;HR-V;59367.00;France;Tolouse;Van Leake;07/02/2015
333;Ford;Ecosport;69734.00;Brazil;Santa Catarina;Veronique Padkin;10/02/2015
297;Honda;NSX;45231.00;United States;Ohio;Corbett Yesinin;10/02/2015
179;Honda;CR-V;58090.00;United States;Washington;Luci Tower;10/02/2015
828;Chevrolet;Camaro;56986.00;Argentina;Mendonza;Drusilla Mapplebeck;13/02/2015
214;Renault;Sandero;68458.00;France;Marselha;Osbourn Shuttell;15/02/2015
639;Chevrolet;Prisma;46170.00;Brazil;S„o Paulo;Nelli Croke;22/02/2015
78;BMW;BMW SÈrie 1;56668.00;Brazil;Minas Gerais;Tades Capoun;24/02/2015
906;Chevrolet;Tracker;76345.00;United States;Oklahoma;Lew Ungaretti;26/01/2015
74;Ford;Mustang;58006.00;France;Marselha;Carmine MacAnespie;04/03/2015
161;Honda;HR-V;62857.00;Japan;Osaka;Frances McTague;04/03/2015
81;Chevrolet;Onix;79192.00;Brazil;S„o Paulo;Phillipp Cabrales;10/03/2015
489;Honda;Fit;57944.00;China;Sichuan;Tommy Di Angelo;17/03/2015
841;Volkswagen;Voyage;51561.00;France;Nice;Baudoin Aloshechkin;01/04/2015
440;Chevrolet;Prisma;44174.00;Brazil;Espirito Santo;Lise Buckner;14/04/2015
915;Ford;Ka;46699.00;Argentina;CÛrdova;Raffaello Leyninye;16/04/2015
586;Volkswagen;Golf;47039.00;Brazil;Bahia;Audie McBeith;18/04/2015
338;Volkswagen;Golf;54647.00;United States;Oklahoma;Tana Wanklyn;20/04/2015
292;Volkswagen;Fox;69635.00;Brazil;Pernambuco;Kippar Bansal;23/04/2015
925;Chevrolet;Camaro;75067.00;Japan;Tokyo;Somerset Vannikov;26/04/2015
439;Renault;Sandero;65270.00;Argentina;Mendonza;Hedwig Storie;09/05/2015
329;Renault;Clio;63689.00;France;Tolouse;Amii Vondrach;10/05/2015
481;Chevrolet;Joy;54405.00;France;Nice;Granville Ector;10/05/2015
691;Renault;Grand Tour;58735.00;Japan;Yokohama;Nataniel Zecchii;18/05/2015
101;Ford;Ecosport;71489.00;China;Shandong;Erika Faichney;21/05/2015
616;Chevrolet;Onix;48161.00;France;Tolouse;Granny Simecek;24/05/2015
351;Honda;HR-V;55243.00;France;Lyon;Matilda Cominetti;24/05/2015
601;Renault;Sandero;64954.00;United States;Oklahoma;Les Stitle;25/05/2015
399;BMW;Z4;44265.45;Japan;Tokyo;Harmonia Eymer;26/05/2015
256;Ferrari;F8;75551.00;Brazil;Minas Gerais;Johnna Greendale;27/05/2015
153;Volkswagen;Voyage;46364.00;China;Hubei;Mirelle Husk;27/05/2015
216;Renault;Grand Tour;79095.00;France;Tolouse;Ulrika Trainor;06/06/2015
196;Honda;HR-V;75835.00;Argentina;Buenos Aires;Leesa Bellwood;07/06/2015
394;Honda;Fit;64315.00;France;Nice;Jermayne Winterburn;07/06/2015
435;Honda;NSX;55410.00;Japan;Kyoto;Rosita Godball;14/06/2015
760;Honda;HR-V;69698.00;China;Pequim;Brennan Piecha;16/06/2015
687;Honda;HR-V;48329.00;China;Xangai;Konstantine Sillick;17/06/2015
918;Chevrolet;Equinox;55048.00;Japan;Saitama;Hamish Graeser;24/01/2015
804;Ford;Ka;73137.00;United States;Washington;Grove Hallawell;26/06/2015
544;Ford;Mustang;71484.00;China;Sichuan;Annabel Aberdein;28/06/2015
36;Chevrolet;Joy;49291.00;United States;California;Katherine Kingescot;29/06/2015
647;Renault;Duster;67904.00;Japan;Tokyo;Isidora Prinnett;30/06/2015
756;BMW;X6;61382.00;Brazil;Goi·s;Caleb Sanday;04/07/2015
141;Honda;Accord;46069.00;China;Xangai;Flynn Kennon;06/07/2015
946;Ford;Fiesta;65384.00;Brazil;Rio Grande do Sul;Robbert Kilfedder;09/07/2015
97;Ford;Ranger;40114.00;France;Lyon;Gabi Lease;13/07/2015
132;Ferrari;F50;69690.00;China;Shandong;Lilah Pawel;15/07/2015
567;Ford;Edge;45905.00;Brazil;Amazonas;Sheelah Yakuntzov;16/07/2015
744;Ford;Fusion;64051.00;Brazil;Rio de Janeiro;Henka McNellis;21/07/2015
796;Honda;City;56383.00;France;Nice;Dennis Najara;22/07/2015
320;Ford;Ecosport;47398.00;France;Nice;Filippa Raynor;23/07/2015
526;BMW;I8;64166.00;Argentina;Chaco;Arvy Degoix;25/07/2015
135;Volkswagen;Voyage;47760.00;Brazil;S„o Paulo;Caesar Yakob;25/07/2015
516;Chevrolet;Prisma;65818.00;Brazil;Santa Catarina;Ryann Guilliatt;05/08/2015
748;Honda;NSX;78194.00;China;Shandong;Amble Deverille;07/08/2015
96;BMW;Z4;60360.00;Brazil;S„o Paulo;Joanie Sukbhans;11/08/2015
99;Honda;CR-V;54899.00;China;Hubei;Frannie Prantl;16/08/2015
432;Ford;Mustang;67596.00;Brazil;Bahia;Jennee McKendo;17/08/2015
293;BMW;BMW SÈrie 1;49108.71;Japan;Yokohama;Teriann Cussins;18/08/2015
767;Chevrolet;Onix;47808.00;United States;Florida;Heath Chellam;18/08/2015
599;Volkswagen;UP!;51637.00;Brazil;Pernambuco;Hernando Tunniclisse;19/01/2015
823;Chevrolet;Camaro;55191.00;China;Sichuan;Foss Simenet;19/08/2015
223;Volkswagen;Voyage;58987.00;Argentina;Mendonza;Gabe De Biasio;20/08/2015
522;Ford;Teritory;75257.00;Brazil;S„o Paulo;Katlin Isselee;21/08/2015
819;BMW;BMW SÈrie 5;43019.00;Brazil;Maranh„o;Jobina Ife;28/08/2015
704;Ford;Fusion;57289.00;China;Shandong;Eden Drysdell;30/08/2015
136;Honda;City;49760.00;Brazil;S„o Paulo;Efrem Trusty;31/08/2015
622;Ford;Fusion;67852.00;United States;California;Aaron Cattell;31/12/2015
317;Volkswagen;UP!;66004.00;China;Xangai;Chet Scola;01/09/2015
497;Honda;CR-V;78252.00;France;Marselha;Joane Lilloe;05/09/2015
552;Honda;NSX;40550.00;China;Shandong;Gonzales Kelsey;13/09/2015
162;Ferrari;488;54815.00;Argentina;Chaco;Frasier Beal;22/09/2015
734;Honda;NSX;51102.00;China;Pequim;Iolanthe Laviss;22/09/2015
718;Ford;Fusion;57244.00;China;Hubei;Dana Battaille;26/09/2015
170;Renault;Sandero;74135.00;Japan;Kyoto;Cathlene O'Sheilds;05/11/2015
392;Honda;Accord;76895.00;Brazil;S„o Paulo;Dion Mc Kellen;06/10/2015
222;Honda;Civic;75939.00;United States;Florida;Cynthia Eagger;15/10/2015
94;BMW;X6;52458.00;Brazil;Goi·s;Esme Waison;17/10/2015
123;Volkswagen;Golf;73226.00;Brazil;Espirito Santo;Clemmy Dispencer;23/10/2015
19;Volkswagen;Polo;58052.00;Japan;Tokyo;Fields Brigg;23/10/2015
513;Ford;Mustang;54345.00;Argentina;Chaco;Nichols Shillam;24/10/2015
377;Chevrolet;Tracker;41115.00;Japan;Saitama;Minnie Zanazzi;24/10/2015
668;Renault;Sandero;70559.00;France;Nice;Ruddy Willingham;29/10/2015
140;Honda;S2000;68462.00;China;Pequim;Idaline Valentetti;30/10/2015
43;Volkswagen;Passat;75476.00;Brazil;Rio de Janeiro;Reinwald Redihough;31/10/2015
487;Volkswagen;Passat;52759.00;Japan;Saitama;Christin Roo;31/10/2015
442;Chevrolet;Prisma;44979.00;United States;Washington;Pippa Antoniak;31/10/2015
491;Honda;CR-V;66837.00;China;Xangai;Brook Vaughton;02/11/2015
393;BMW;BMW SÈrie 3;50645.00;Brazil;Goi·s;Dorothee Davidsohn;03/11/2015
852;Renault;Logan;42957.00;France;Marselha;Justen De Simoni;05/11/2015
3;Ford;Fusion;44942.00;France;Marselha;Fifine Roundtree;06/11/2015
100;Renault;Sandero;58381.00;China;Hubei;Pepito Stuehmeyer;08/11/2015
192;Volkswagen;Golf;59012.00;United States;Ohio;Merl Gouldie;08/11/2015
420;Renault;Sandero;77436.00;China;Shandong;Jacinthe Manlow;13/11/2015
20;Chevrolet;Tracker;45594.00;China;Xangai;Misti Leefe;17/11/2015
818;Ford;Mustang;63439.00;United States;Florida;Gordie Erridge;19/11/2015
494;Honda;Accord;59475.13;Brazil;S„o Paulo;Charmane Burland;29/11/2015
255;Ford;Ka;70309.00;Brazil;Rio Grande do Sul;Randene Thomas;03/12/2015
410;Honda;NSX;78140.00;Brazil;S„o Paulo;Hiram Carlisi;04/12/2015
874;Renault;Clio;75559.00;Brazil;Santa Catarina;Jourdain Dellar;18/12/2015
638;Ford;Ka;79818.00;Argentina;Chaco;Orv Van der Hoeven;19/12/2015
800;Renault;Clio;48865.00;China;Hubei;Petronille Ricioppo;19/12/2015
83;Chevrolet;Prisma;65480.00;China;Pequim;Orv Bezant;25/12/2015
126;Renault;Logan;40839.00;Japan;Osaka;Val Hugonet;02/01/2016
404;Ferrari;Dino 246;61504.00;Argentina;Tucum·n;Garvy Wilks;10/01/2016
4;Volkswagen;Passat;42943.00;Japan;Osaka;Bonnee Konke;10/01/2016
655;Chevrolet;Spin;72407.00;France;Paris;Edd Father;18/01/2016
290;Renault;Duster;51534.00;Japan;Saitama;Trix Twiggs;19/01/2016
667;Renault;Clio;40089.00;Argentina;Chaco;Cheston Eshelby;20/01/2016
362;Honda;HR-V;47391.00;China;Hubei;Brenden German;29/01/2016
133;Ferrari;Portofino;79008.00;Argentina;Buenos Aires;Doria Bendley;30/01/2016
331;Renault;Duster;61554.00;France;Tolouse;Darb Cordey;30/01/2016
770;Volkswagen;UP!;78494.00;France;Nice;Juana Sapshed;31/01/2016
581;Chevrolet;Camaro;53365.00;Argentina;Chaco;Boigie Sorrie;01/02/2016
724;Honda;NSX;58029.00;China;Sichuan;Quentin Britto;08/02/2016
637;Honda;City;68233.00;Japan;Kyoto;Hamnet Rattenberie;13/02/2016
693;Renault;Sandero;65311.00;France;Nice;Gerry Benns;16/02/2016
894;BMW;BMW SÈrie 5;72085.00;Brazil;Minas Gerais;Zelma Gaymer;18/02/2016
33;Honda;Fit;65752.00;China;Xangai;Kim Snelgrove;19/02/2016
645;Honda;City;50149.00;United States;Florida;Diego Wessing;20/02/2016
37;Ford;Ranger;62703.00;Japan;Kyoto;Lorie Van der Beek;23/02/2016
580;Renault;Sandero;70717.00;Argentina;CÛrdova;Merv Gilder;29/02/2016
854;Ford;Mustang;50784.00;Japan;Tokyo;Cyrill Orrick;01/03/2016
680;Volkswagen;Golf;68259.00;France;Lyon;Rakel Ardling;15/03/2016
418;Renault;Grand Tour;54412.00;France;Marselha;Winslow Dealy;15/03/2016
327;Ford;Fiesta;55630.00;Brazil;S„o Paulo;Carrie Sleigh;16/03/2016
541;Honda;NSX;61769.00;China;Hubei;Berna Mussard;30/03/2016
70;Chevrolet;Prisma;77797.00;Brazil;Rio Grande do Norte;Worthington Baldry;04/04/2016
354;Renault;Duster;54266.00;United States;Washington;Carmita Millbank;14/04/2016
850;Volkswagen;Fox;57427.00;France;Nice;Briny Krochmann;15/04/2016
875;Renault;Sandero;53586.00;France;Tolouse;Ethelbert Midgely;15/04/2016
84;Volkswagen;Jetta;70386.00;China;Pequim;Sylvan Giorgione;16/04/2016
102;Volkswagen;Voyage;45780.00;Brazil;S„o Paulo;Garik Donnell;17/04/2016
864;Honda;Accord;49061.00;France;Marselha;Trula Rainon;17/04/2016
673;Volkswagen;Golf;49098.00;Brazil;Rio Grande do Norte;Bond Galliard;22/04/2016
209;Honda;NSX;77401.00;Brazil;Bahia;Aurelia Metzel;25/04/2016
936;Honda;NSX;75275.00;Japan;Yokohama;Dav Hallawell;26/04/2016
72;Chevrolet;Cruze;45974.00;United States;Florida;Noel Selvey;28/04/2016
792;Renault;Clio;49227.00;Brazil;Rio Grande do Sul;Frederica Krzyzanowski;30/04/2016
501;Ferrari;F50;67676.00;France;Marselha;Emelina Deluce;04/05/2016
113;BMW;Z4;74345.00;France;Lyon;Maddy Gunningham;11/05/2016
480;Ferrari;Dino 246;58381.94;Brazil;S„o Paulo;Zane Simukov;16/05/2016
596;Ford;Edge;76475.00;Brazil;S„o Paulo;Corie Gives;16/05/2016
651;Ford;Ecosport;44046.00;China;Sichuan;Delmor Bunton;16/05/2016
213;Honda;Fit;65471.00;France;Paris;Dukey Guwer;17/05/2016
910;Chevrolet;Camaro;74911.34;Brazil;S„o Paulo;Anette Poutress;18/05/2016
446;Renault;Sandero;42065.00;Japan;Saitama;Corine Carmo;23/05/2016
932;Chevrolet;Joy;58894.00;China;Shandong;Lise Lubomirski;27/05/2016
149;Honda;NSX;41859.00;United States;California;Agustin Blazhevich;30/05/2016
821;Honda;HR-V;59594.00;United States;California;Catharina Estrella;30/05/2016
571;Volkswagen;UP!;46326.00;Argentina;Tucum·n;Lishe Petyanin;01/06/2016
463;Chevrolet;Cruze;46786.00;China;Hubei;Stefan Izchaki;01/06/2016
868;BMW;X3;49427.00;Argentina;Mendonza;Mychal Largan;03/07/2016
893;Honda;City;42455.00;China;Sichuan;Rosette Schleicher;07/06/2016
806;Volkswagen;Passat;70883.00;Brazil;Pernambuco;Maybelle Smythe;15/06/2016
829;Ford;Mustang;66163.00;China;Shandong;Daisy Glaserman;15/06/2016
890;Honda;NSX;72512.00;United States;Ohio;Meghan Archibold;15/01/2016
786;Renault;Duster;54882.00;China;Pequim;Amble Fake;18/06/2016
751;Volkswagen;Voyage;56334.00;Brazil;Pernambuco;Salomone Downage;21/01/2016
811;Volkswagen;Passat;45281.00;Argentina;Buenos Aires;Andie Warkup;25/05/2016
550;Chevrolet;Tracker;76089.00;United States;Ohio;Miller Earie;27/06/2016
421;Renault;Clio;62851.00;Brazil;S„o Paulo;Dorisa Locke;30/01/2016
695;Ford;Fusion;58141.00;France;Lyon;Chickie Pala;03/07/2016
112;Volkswagen;Polo;60411.00;Brazil;Rio de Janeiro;Glyn Seamen;07/07/2016
249;Honda;NSX;54040.00;United States;Florida;Blisse Ellingworth;11/07/2016
574;Volkswagen;Gol;47875.00;Brazil;Pernambuco;Meaghan Tyres;15/07/2016
194;Ford;Fusion;42853.00;Japan;Osaka;Ethelyn Asser;16/07/2016
5;Renault;Sandero;78495.00;United States;Florida;Charlena Sharland;18/07/2016
627;Volkswagen;Golf;65067.00;China;Sichuan;Bailey Chasson;19/07/2016
933;Chevrolet;Equinox;46157.00;France;Paris;Lenore Cornels;19/07/2016
203;Honda;HR-V;69683.00;China;Xangai;Lynnet Doy;25/07/2016
654;Volkswagen;Fox;69895.00;Brazil;Pernambuco;Napoleon Morrallee;26/07/2016
165;Ford;Ecosport;69028.00;France;Nice;Caryl Edgler;26/07/2016
416;Chevrolet;Prisma;44451.00;France;Tolouse;Lynnea Lamprey;26/07/2016
240;Renault;Duster;50661.00;France;Nice;Norry Van Arsdall;26/07/2016
429;Ford;Ranger;75929.00;Brazil;Goi·s;Kristo Oddboy;31/07/2016
367;Volkswagen;Polo;76602.00;China;Pequim;Reinaldo Heaysman;03/08/2016
402;Chevrolet;Onix;52879.00;China;Hubei;Bartolemo Garard;17/08/2016
341;Honda;Accord;64315.00;Japan;Kyoto;Christie Forsdike;19/08/2016
311;Chevrolet;Cruze;51349.00;Argentina;Mendonza;Arnie O'Downe;24/08/2016
128;Ferrari;Portofino;63739.00;Argentina;Mendonza;Sophi Bonnin;29/04/2016
272;Ferrari;Portofino;40222.00;China;Xangai;Lemar Brannigan;30/08/2016
684;Renault;Logan;75135.00;France;Nice;Germaine Valiant;30/08/2016
364;Ford;Edge;57367.00;Brazil;Amazonas;Jolie Frodsham;31/08/2016
858;Ford;Ecosport;47826.00;Brazil;Goi·s;Dore Philippard;31/08/2016
201;Chevrolet;Joy;50413.00;Argentina;Chaco;Eleni Roux;02/09/2016
690;Volkswagen;Jetta;69038.00;Brazil;Par·;Annemarie Spottiswoode;05/09/2016
334;Volkswagen;Passat;69083.00;China;Pequim;Gene Fawks;09/09/2016
665;Volkswagen;Jetta;58126.00;United States;California;Krisha Heppner;09/09/2016
930;Renault;Sandero;76207.00;Argentina;Tucum·n;Alonzo Epine;12/09/2016
350;Ford;Ranger;40595.00;Japan;Kyoto;Yasmeen Geraldini;15/09/2016
316;Ford;Ranger;56072.00;Japan;Osaka;Magdalena Delieu;16/09/2016
34;Volkswagen;Fox;79319.00;Japan;Yokohama;Charline Martina;20/09/2016
759;Volkswagen;Golf;68626.00;Brazil;Rio de Janeiro;Nicholle Roast;28/09/2016
720;Ford;Ranger;48139.00;China;Xangai;Falito Starten;10/10/2016
346;Ford;Edge;74705.00;Brazil;S„o Paulo;Alice Finlaison;11/10/2016
682;Ford;Ranger;48803.00;China;Hubei;Eveleen Fardy;21/10/2016
340;Honda;Civic;64548.00;China;Sichuan;Candide Proctor;28/10/2016
9;Ford;Ka;63343.00;China;Sichuan;Evy Beckford;01/11/2016
722;Volkswagen;Polo;49865.00;Brazil;Rio de Janeiro;Pat Eggers;03/11/2016
461;Chevrolet;Camaro;50889.00;France;Lyon;Goldarina Cremins;11/11/2016
572;Ferrari;Dino 246;48741.00;Argentina;CÛrdova;Galen Halliburton;16/03/2016
186;Volkswagen;Polo;46546.00;Brazil;Rio de Janeiro;Sunny Salaman;19/11/2016
660;Volkswagen;UP!;66725.00;Brazil;Rio de Janeiro;Archer Dikle;21/11/2016
523;Ferrari;Portofino;58595.81;Japan;Tokyo;Carly Sloane;21/11/2016
692;Honda;NSX;52667.00;United States;Oklahoma;Madeline Strettle;21/11/2016
891;Ford;Ecosport;43283.00;Argentina;Chaco;Nikolaus Collopy;23/12/2016
415;Renault;Clio;77880.00;Brazil;Santa Catarina;Yehudi Churcher;23/11/2016
911;BMW;Z4;50801.00;Argentina;Buenos Aires;Von Borg;24/11/2016
861;Volkswagen;UP!;53156.00;China;Shandong;Giselbert Chung;26/11/2016
150;Renault;Sandero;72721.00;France;Nice;Bonny Stitson;03/12/2016
929;Honda;NSX;70250.00;France;Nice;Marian Troak;03/12/2016
211;Volkswagen;Voyage;53170.00;United States;Oklahoma;Carr Brownrigg;07/12/2016
299;Honda;Accord;68147.00;France;Nice;Benedicto Johanchon;12/12/2016
322;Chevrolet;Camaro;56729.00;United States;California;Pauly Gate;17/12/2016
471;Ford;Fusion;77936.00;Brazil;Bahia;Neda Grotty;18/12/2016
253;Renault;Clio;69630.00;China;Xangai;Gilli Van Merwe;18/12/2016
698;BMW;BMW SÈrie 5;70359.00;Brazil;Maranh„o;Frederico Daout;20/12/2016
745;Ford;Ecosport;77377.10;France;Paris;Chiquia Lippini;20/12/2016
626;Honda;Fit;60513.00;France;Tolouse;Paulo Lindbergh;22/12/2016
851;Honda;S2000;74058.00;Japan;Saitama;Brande Ourtic;23/12/2016
218;Ford;Ka;57985.00;Japan;Osaka;Mela Lattos;24/12/2016
538;Ford;Mustang;73563.00;China;Xangai;Wilt Bunning;27/12/2016
59;Renault;Duster;42791.00;Japan;Osaka;Corena Padkin;04/01/2017
740;Chevrolet;Cruze;46902.00;Japan;Kyoto;Syd Klement;05/01/2017
942;Ford;Fusion;40074.00;Brazil;Rio Grande do Norte;Alwin Thumann;06/01/2017
813;Honda;City;58840.00;United States;Florida;Cairistiona Giorgetti;10/01/2017
427;Honda;Civic;57429.00;China;Hubei;Harlene Wickens;14/01/2017
643;Chevrolet;Camaro;73668.00;France;Marselha;Barbabra Lube;16/01/2017
412;Chevrolet;Onix;64320.00;Argentina;Chaco;Florina McCaughan;20/01/2017
62;Ford;Edge;60581.00;Brazil;S„o Paulo;Gloria Heinritz;25/01/2017
490;Ford;Ecosport;55445.00;Brazil;Espirito Santo;Loralie Cocker;29/01/2017
873;BMW;I8;79961.00;Argentina;CÛrdova;Alfons Skyrme;31/01/2017
780;Volkswagen;Gol;51232.00;China;Shandong;Queenie Pitceathly;31/01/2017
803;Ferrari;308 GTS;47916.00;Argentina;Mendonza;Lyle Dawley;16/02/2017
511;Volkswagen;Fox;66295.00;Brazil;Rio de Janeiro;Dinnie Roels;19/02/2017
799;Renault;Logan;53137.00;United States;Washington;Matthew Kennally;23/02/2017
378;Chevrolet;Prisma;53160.00;France;Paris;Ludovico O'Sheilds;24/02/2017
352;Ford;Fusion;55563.00;Brazil;Santa Catarina;Elihu Keerl;27/02/2017
345;Ford;Ka;58987.00;France;Tolouse;Ailee Penrice;04/03/2017
115;Ford;Fusion;52341.00;Brazil;Bahia;Cassy Somersett;06/03/2017
705;Ford;Ka;45617.00;Brazil;Bahia;Haroun Birkwood;07/03/2017
787;Honda;HR-V;55799.00;Japan;Saitama;Flint Parades;09/03/2017
57;Ferrari;LaFerrari;48717.00;United States;Ohio;Carver Dows;10/03/2017
270;Ford;Ecosport;70277.00;China;Sichuan;Antoinette Coad;23/03/2017
46;BMW;BMW SÈrie 1;49930.00;United States;Florida;Kiley Gillham;24/03/2017
411;Chevrolet;Cruze;72864.00;Argentina;CÛrdova;Marita Boucher;26/03/2017
766;Honda;CR-V;50012.00;France;Lyon;Dyane Silbert;27/03/2017
496;Renault;Clio;63475.00;China;Sichuan;Nicola Rackstraw;30/03/2017
15;Chevrolet;Joy;49806.00;United States;Washington;Tedda Attenbrow;03/04/2017
434;Chevrolet;Spin;70691.00;Brazil;Rio Grande do Sul;Shelagh Chiswell;09/04/2017
954;Renault;Sandero;56597.00;France;Tolouse;Tomasina Petasch;17/04/2017
335;Honda;City;78478.00;United States;Washington;Currie Kamien;26/04/2017
261;BMW;Z4;73964.00;Brazil;S„o Paulo;Dania Marunchak;27/04/2017
52;Volkswagen;Polo;50784.00;France;Nice;Justine Rake;28/04/2017
602;Chevrolet;Joy;42722.00;United States;Florida;Skippie Duffie;29/04/2017
460;Chevrolet;Cruze;62370.00;China;Hubei;Megen Phippard;08/05/2017
757;Honda;Accord;64214.00;China;Hubei;Ibrahim Lippett;12/05/2017
63;Honda;S2000;46673.00;United States;California;Miguelita Masse;12/05/2017
130;Ford;Ka;61181.00;Brazil;S„o Paulo;Therine Iacomi;13/05/2017
122;Renault;Clio;77288.00;Argentina;Chaco;Lanette Gerler;14/05/2017
146;BMW;X3;40882.00;Brazil;Minas Gerais;Thatch Lipscombe;16/05/2017
148;Renault;Clio;64772.00;Argentina;CÛrdova;Nicholas Blade;20/05/2017
428;Volkswagen;Gol;64418.00;France;Paris;Linnet Burcher;24/05/2017
175;Ford;Ecosport;64047.00;China;Pequim;Emmanuel Tinker;25/05/2017
376;Volkswagen;Golf;63377.00;Japan;Kyoto;Frieda Mallen;02/06/2017
347;BMW;Z4;76511.00;Brazil;Minas Gerais;Madel Leap;04/06/2017
169;BMW;X5;56792.00;Brazil;Minas Gerais;Eartha Rostern;07/06/2017
884;Renault;Sandero;49913.00;China;Sichuan;Jacki Tukesby;11/06/2017
539;Renault;Clio;49969.00;China;Sichuan;Othilia Bufton;11/06/2017
472;Chevrolet;Onix;47811.00;Japan;Saitama;Cletus Beacon;16/06/2017
207;Honda;S2000;76270.00;France;Paris;Belvia Iddon;17/06/2017
543;Honda;HR-V;72851.00;United States;Oklahoma;Braden Scrimshire;22/06/2017
608;Chevrolet;Equinox;66565.00;United States;Florida;Elliot McInnery;27/06/2017
384;Chevrolet;Joy;49151.00;United States;California;Paula Phethean;29/06/2017
636;BMW;Z4;42801.58;United States;Florida;Celesta Gobell;05/07/2017
110;Volkswagen;Golf;50514.00;China;Hubei;Morgen Tatlowe;09/07/2017
677;Chevrolet;Prisma;61192.00;France;Paris;Peterus Innott;09/07/2017
454;Volkswagen;Golf;69213.00;United States;Ohio;Berny Siddele;09/07/2017
86;Chevrolet;Joy;59169.00;France;Paris;Laina Height;14/07/2017
269;Renault;Kwid;54934.00;Japan;Yokohama;Hermione Oxburgh;14/07/2017
877;Chevrolet;Camaro;42610.00;United States;Washington;Roze Francois;15/07/2017
926;Honda;S2000;56100.00;Argentina;Mendonza;Mordecai Studeart;16/07/2017
621;Ford;Ecosport;40908.00;Brazil;Goi·s;Mickey Lewinton;16/07/2017
731;Ford;Fusion;65334.00;United States;Oklahoma;Bentley Romayn;19/07/2017
739;Ferrari;308 GTS;75438.00;United States;Oklahoma;Marty Losbie;25/07/2017
166;Honda;NSX;57159.45;Japan;Saitama;Lari Yaldren;30/07/2017
430;Ford;Teritory;79875.00;Japan;Saitama;Almeria Teasdale-Markie;31/07/2017
195;Chevrolet;Prisma;43554.00;Argentina;Buenos Aires;Zachery Flecknell;02/08/2017
246;Volkswagen;Golf;58150.00;Brazil;Santa Catarina;Nelson Flewitt;03/08/2017
812;Renault;Duster;48334.00;France;Paris;Alessandro Walshaw;07/08/2017
108;Chevrolet;Camaro;51361.00;Argentina;Tucum·n;Vera Hanning;08/08/2017
263;Ford;Mustang;79980.00;Brazil;Rio de Janeiro;Abba Kingcott;08/08/2017
118;Honda;CR-V;53529.00;France;Tolouse;Pavel Cluet;09/08/2017
835;Renault;Kwid;59797.00;France;Marselha;Kirsten Dat;10/08/2017
945;BMW;Z4;77333.00;Brazil;Minas Gerais;Malissa Bubb;15/08/2017
282;Honda;HR-V;47365.00;Japan;Osaka;Rad Sarsfield;15/08/2017
648;Honda;Accord;64893.00;United States;Oklahoma;Kristi Barok;16/08/2017
686;Renault;Grand Tour;70057.00;France;Paris;Karalee Clooney;17/08/2017
470;Volkswagen;Golf;40212.00;France;Tolouse;Row Leonard;18/08/2017
332;Chevrolet;Prisma;73103.00;United States;Florida;Bonny Cordelette;19/08/2017
808;Ferrari;F8;60081.00;Argentina;Buenos Aires;Bria Fisbey;22/08/2017
503;Ford;Fusion;40204.00;Argentina;Buenos Aires;Rand Dunley;23/08/2017
743;Renault;Grand Tour;59379.00;France;Lyon;Walton Ambrosetti;24/08/2017
595;Ford;Ecosport;65648.00;Japan;Saitama;Lauri Cullinan;24/08/2017
265;Honda;Fit;52888.00;France;Lyon;Radcliffe Brownscombe;26/08/2017
862;Renault;Grand Tour;78180.00;Brazil;Santa Catarina;Haily O'Growgane;27/08/2017
151;Renault;Kwid;61133.00;Argentina;Chaco;Dalila Kille;30/08/2017
832;BMW;I8;47522.00;Japan;Osaka;Moreen Nuzzti;31/08/2017
473;Ford;Edge;78862.00;Brazil;Santa Catarina;Brice Mangeot;03/09/2017
238;Chevrolet;Spin;40057.00;Japan;Yokohama;Vernon Swapp;13/09/2017
264;BMW;X6;77612.00;Argentina;CÛrdova;Camellia Vittet;17/09/2017
89;BMW;BMW SÈrie 1;78035.00;Argentina;CÛrdova;Daphene Kulicke;17/09/2017
605;Volkswagen;Fox;40881.00;United States;California;Costa Muffin;17/09/2017
114;Renault;Kwid;76200.00;United States;California;Leila Skains;22/09/2017
703;Honda;S2000;55957.00;China;Hubei;Codi McPhail;24/09/2017
923;Ford;Mustang;68220.00;China;Pequim;Emlynne Kinman;25/09/2017
783;Chevrolet;Onix;47154.00;Japan;Kyoto;Rosabella Jillions;30/09/2017
277;Ford;Ranger;53652.00;France;Tolouse;Caprice Sheridan;04/10/2017
788;Honda;HR-V;40760.00;China;Xangai;Merry Kondratenko;07/10/2017
344;Renault;Logan;60492.00;Brazil;Santa Catarina;Cull Uttermare;09/10/2017
922;Volkswagen;Gol;59700.00;Brazil;Rio de Janeiro;Melonie McCallion;11/10/2017
649;Renault;Duster;53093.00;France;Nice;Karim Risbridger;11/10/2017
406;Renault;Grand Tour;57379.00;France;Lyon;Geoffry Stollwerck;15/10/2017
310;Ford;Mustang;74607.00;Argentina;Tucum·n;Noelle Dollen;16/10/2017
247;Chevrolet;Onix;67061.00;Argentina;Mendonza;Milzie Cometson;21/10/2017
248;Renault;Grand Tour;75906.00;China;Pequim;Uri Trood;23/10/2017
50;Ferrari;Portofino;60254.00;United States;California;Iggie Danahar;26/10/2017
847;Honda;HR-V;54809.00;Japan;Kyoto;Dare Seeking;29/10/2017
856;Renault;Logan;69565.00;France;Lyon;Waldemar Lismore;30/10/2017
21;Ford;Fusion;53299.00;Brazil;Santa Catarina;Pascal Gosnell;02/11/2017
24;Honda;Accord;49362.00;Japan;Tokyo;Rochester Matousek;02/11/2017
450;Renault;Clio;69840.00;Japan;Yokohama;Tansy Jurczik;02/11/2017
312;Volkswagen;Voyage;48937.00;Brazil;Rio de Janeiro;Obidiah Leijs;03/11/2017
899;Renault;Grand Tour;56239.00;Brazil;S„o Paulo;Tommy Sugge;05/11/2017
631;Chevrolet;Prisma;57815.00;United States;California;Goldi Dyerson;06/11/2017
805;Ferrari;F50;75131.00;China;Pequim;Casi Van de Vlies;07/11/2017
869;Chevrolet;Camaro;62950.00;Japan;Kyoto;Meyer Conyard;07/11/2017
613;Renault;Logan;66279.00;France;Lyon;Zonda Everill;09/11/2017
482;Ford;Teritory;65399.93;Argentina;Mendonza;Kellina Worsnap;11/11/2017
849;Chevrolet;Spin;70072.00;Brazil;S„o Paulo;Fayina Dilkes;11/11/2017
181;Chevrolet;Prisma;58309.00;Argentina;Mendonza;Neil Merrington;15/11/2017
554;Volkswagen;Jetta;48383.00;China;Xangai;Charlton Carnock;19/11/2017
521;Honda;NSX;68185.00;United States;Florida;Forester Fullard;19/11/2017
28;Renault;Logan;64141.00;Japan;Tokyo;Nell Kinghorn;21/11/2017
318;Chevrolet;Equinox;44737.00;Argentina;Tucum·n;Augusto Itscowicz;29/11/2017
653;Honda;CR-V;47829.00;China;Hubei;Marve Hirjak;02/12/2017
737;Honda;Accord;79079.00;United States;Ohio;Owen Crocket;03/12/2017
590;Volkswagen;Golf;63883.00;Brazil;S„o Paulo;Iris Scripture;05/12/2017
750;Chevrolet;Spin;44493.00;France;Tolouse;Padget Emmot;07/12/2017
142;Renault;Sandero;64129.00;China;Xangai;Sidonnie Lomax;11/12/2017
73;Ford;Ka;69048.00;Argentina;Mendonza;Jozef Cardenas;12/12/2017
587;Chevrolet;Cruze;52524.00;United States;Florida;Millicent Rhelton;20/12/2017
827;Volkswagen;Voyage;74808.00;United States;California;Joya Kingsbury;21/12/2017
859;Ford;Ka;70029.00;France;Nice;Cloris Bony;22/12/2017
733;Ferrari;Dino 246;48048.00;Japan;Yokohama;Saudra Eard;25/12/2017
549;BMW;I8;49230.00;France;Lyon;Mitchell Keyzor;26/12/2017
467;Renault;Logan;52317.00;Japan;Saitama;Jordain Grellier;30/12/2017
617;Volkswagen;UP!;47296.00;France;Tolouse;Dorisa Pigrome;10/01/2018
949;Chevrolet;Camaro;55956.00;United States;California;Ora Bachura;18/01/2018
644;Volkswagen;UP!;69955.00;Japan;Yokohama;Frayda Bruhnsen;19/01/2018
77;Ferrari;308 GTS;77526.00;France;Paris;Melisa Markova;30/01/2018
171;Chevrolet;Spin;56990.00;Japan;Tokyo;Reg Brownlow;30/01/2018
872;Honda;CR-V;65511.00;France;Paris;Marve Shingfield;04/02/2018
433;Renault;Grand Tour;67564.00;China;Xangai;Alexandros Barday;11/02/2018
231;Ford;Ranger;60896.00;Japan;Kyoto;Dill Acutt;13/02/2018
707;Honda;NSX;79397.00;France;Paris;Millicent Barth;21/02/2018
620;Honda;CR-V;51235.00;Japan;Osaka;Virgie McEwan;21/02/2018
419;Ford;Ranger;61364.00;Argentina;Chaco;Perrine Emig;25/02/2018
370;Ferrari;F8;70074.00;France;Paris;Karine Sauniere;26/02/2018
604;Volkswagen;Passat;46841.00;Brazil;Pernambuco;Shandra Curr;27/02/2018
158;Volkswagen;Gol;47644.00;China;Shandong;Jodie Hobbert;27/02/2018
735;Ferrari;Dino 246;55501.00;France;Paris;Joyan Duddle;27/02/2018
414;Ford;Ecosport;59392.00;Argentina;Mendonza;Noah Vignaux;08/03/2018
287;Renault;Sandero;45384.00;China;Sichuan;Ralf Ridett;08/03/2018
492;Chevrolet;Prisma;67627.00;United States;Oklahoma;Otha Aronstam;13/03/2018
285;Volkswagen;Golf;65295.00;Brazil;Santa Catarina;Conant Scowen;16/03/2018
16;Honda;CR-V;62818.00;Japan;Osaka;La verne Yakunikov;16/03/2018
252;Ford;Ecosport;47327.00;Brazil;Rio Grande do Norte;Toinette Aldine;19/03/2018
546;Honda;HR-V;60130.00;France;Paris;Wandis Grahlman;21/03/2018
307;Honda;City;46644.32;Brazil;S„o Paulo;Neal Mifflin;26/03/2018
324;Ford;Teritory;58318.00;Japan;Tokyo;Mandy Wadsworth;26/03/2018
612;Ford;Ka;79354.00;Japan;Yokohama;Erik Banyard;29/03/2018
396;Volkswagen;Polo;74700.00;France;Marselha;Stephi Fache;04/04/2018
199;Volkswagen;Voyage;70554.00;Japan;Saitama;Osgood Lamey;05/04/2018
241;Chevrolet;Prisma;75485.00;France;Tolouse;Donny Paddemore;07/04/2018
664;Chevrolet;Spin;51678.00;France;Nice;Paulo Danels;08/04/2018
185;BMW;X3;74462.00;Brazil;Minas Gerais;Deeanne Gourlay;09/04/2018
809;Ferrari;Portofino;71984.00;Brazil;Minas Gerais;Rozamond Blade;09/04/2018
159;Honda;S2000;65529.00;France;Nice;Hildegaard Skipper;12/04/2018
753;Ford;Fusion;42652.00;Brazil;Santa Catarina;Kinny Jozefczak;15/04/2018
47;Renault;Clio;52679.00;China;Pequim;Bartolemo Aery;20/04/2018
403;Honda;CR-V;68935.00;France;Marselha;Sharron Jaquet;20/04/2018
642;BMW;X6;64435.00;Brazil;Minas Gerais;Jule Leeke;26/04/2018
173;Renault;Sandero;61559.00;China;Shandong;Bret Lettley;01/05/2018
570;Chevrolet;Camaro;64105.00;Argentina;Mendonza;Gamaliel Masters;03/05/2018
935;Renault;Duster;64196.00;France;Tolouse;Vinnie Ceci;04/05/2018
369;Ford;Ranger;71913.00;United States;Oklahoma;Elset Ivantsov;08/05/2018
91;Renault;Duster;69163.00;China;Pequim;Homerus Richen;13/05/2018
82;Honda;HR-V;56530.00;Japan;Tokyo;Andrei Jowett;18/05/2018
328;Honda;City;40365.00;China;Pequim;Reynold Goodram;19/05/2018
138;Honda;Accord;53961.00;China;Sichuan;Hasty Beel;20/05/2018
226;Renault;Logan;59520.00;China;Shandong;Krystyna Kienzle;24/05/2018
729;Renault;Clio;56342.00;Brazil;Espirito Santo;Berty De Cristoforo;28/05/2018
514;Volkswagen;Voyage;79327.00;Japan;Yokohama;Fraser Nyssen;31/05/2018
912;Chevrolet;Equinox;42011.00;Argentina;Tucum·n;Selle Gibling;08/06/2018
725;Volkswagen;UP!;60919.00;Japan;Kyoto;Forrester Nyland;08/06/2018
839;Honda;NSX;56859.00;France;Marselha;Reynold Sawday;10/06/2018
588;Honda;HR-V;70694.00;Japan;Saitama;Jania Muge;11/06/2018
625;Ford;Mustang;46463.00;Brazil;Rio Grande do Sul;Ag Rutty;12/06/2018
614;Chevrolet;Joy;42978.00;Argentina;Buenos Aires;Sinclare Jurca;14/06/2018
656;Volkswagen;Golf;45776.00;Brazil;Rio Grande do Sul;Cati Beckett;19/06/2018
366;BMW;Z4;72321.00;France;Nice;Selby Mossop;25/06/2018
408;Ford;Fiesta;67835.00;Brazil;Amazonas;Jamie Gandy;26/06/2018
758;Ford;Fusion;77862.00;Argentina;CÛrdova;Jaye Ceeley;30/06/2018
356;Ford;Fusion;58492.00;United States;California;Haily Hardesty;06/07/2018
833;Chevrolet;Camaro;76010.00;United States;Florida;Marin Humphrey;09/07/2018
646;Renault;Kwid;78311.00;United States;Ohio;Cristobal Marcussen;20/07/2018
662;Renault;Sandero;61277.00;United States;California;Lazare Khidr;25/07/2018
575;Ford;Ecosport;70033.00;China;Hubei;Dale Bartczak;28/07/2018
630;BMW;Z4;58444.00;France;Nice;Daveta Argile;31/07/2018
191;Renault;Duster;79450.00;France;Nice;Tory MacNamee;02/08/2018
95;BMW;Z4;48891.00;Brazil;Minas Gerais;Orelee Peagrim;04/08/2018
579;Ford;Edge;55713.00;Brazil;Espirito Santo;Gayle Artis;12/08/2018
32;Volkswagen;Fox;78514.00;Brazil;Pernambuco;Emilee Jessopp;15/01/2018
274;Renault;Clio;67077.00;Brazil;Bahia;Hazel Steadman;19/01/2018
35;Honda;Accord;69997.00;Japan;Osaka;Dehlia Martinovsky;19/08/2018
339;Chevrolet;Prisma;77228.00;Argentina;Chaco;Almeda Kiwitz;21/08/2018
220;Honda;NSX;63318.00;United States;Florida;Uta Thundercliffe;26/08/2018
257;Renault;Kwid;40942.00;France;Marselha;Harmonia Impleton;03/09/2018
736;Honda;S2000;75840.00;China;Pequim;Richardo Ionn;07/09/2018
183;Volkswagen;UP!;59678.00;Brazil;Rio de Janeiro;Estrella Parsley;12/09/2018
182;Ford;Ranger;63518.00;Brazil;Rio Grande do Norte;Raddy O'Sherin;16/09/2018
723;Chevrolet;Spin;72491.00;Brazil;Santa Catarina;Pyotr Pentycross;16/09/2018
228;Honda;CR-V;71104.00;Argentina;CÛrdova;Delila Snoddon;19/09/2018
422;Honda;Civic;55154.00;China;Sichuan;Hyman Beeckx;28/09/2018
790;Renault;Logan;63747.00;France;Paris;Oliviero Supple;01/10/2018
358;Honda;Fit;71253.00;China;Shandong;Jenna Aggas;05/10/2018
103;Renault;Duster;79330.00;France;Lyon;Wendie Rawlyns;10/10/2018
710;Honda;S2000;54131.00;France;Tolouse;Nevil Bocock;13/10/2018
330;Renault;Kwid;44240.00;France;Lyon;Sergio Oats;14/10/2018
1;Ferrari;F8;74755.00;France;Marselha;Robers Davson;15/10/2018
381;Honda;CR-V;50296.00;China;Sichuan;Sharron Gounet;22/10/2018
380;Volkswagen;UP!;74394.00;Brazil;Rio de Janeiro;Jen Colloby;23/10/2018
953;Ford;Ranger;52513.00;China;Xangai;Cristen Laker;30/10/2018
98;Honda;CR-V;57320.00;Japan;Kyoto;Delphine Matteris;03/11/2018
659;Honda;Accord;55851.00;United States;Washington;Camala Gerrietz;08/11/2018
777;Volkswagen;Gol;68572.00;United States;Washington;Cyb Fonte;13/11/2018
193;Honda;Accord;77344.00;Brazil;Santa Catarina;Jason Stukings;17/11/2018
619;Renault;Clio;57821.00;France;Nice;Lorita Peasby;19/11/2018
6;BMW;Z4;73577.00;Japan;Osaka;Stafani Tylor;21/11/2018
774;Ford;Ranger;65759.00;France;Tolouse;Corenda Cassell;27/11/2018
879;Ford;Ecosport;62949.00;Brazil;Espirito Santo;Georgette Terne;03/12/2018
304;Ford;Ranger;60654.00;Argentina;Buenos Aires;Nichole Culpin;08/12/2018
848;Ferrari;Portofino;52057.00;United States;California;Mellisent Gasnell;08/12/2018
134;Ford;Ka;44045.00;China;Hubei;Fidelia Kirlin;11/12/2018
556;Honda;S2000;47450.00;Japan;Yokohama;Talbert Crompton;13/12/2018
235;Honda;HR-V;54804.00;China;Sichuan;Tarra Fyers;16/12/2018
816;Honda;HR-V;51081.00;France;Marselha;Kissiah Jellis;16/12/2018
71;Ford;Edge;60493.00;Brazil;Rio Grande do Sul;Zach Meardon;18/12/2018
88;Honda;City;57105.00;France;Tolouse;Donavon Godly;19/12/2018
468;Honda;Accord;58806.00;United States;Washington;Ines Cockrell;20/12/2018
212;Chevrolet;Prisma;68162.00;United States;Oklahoma;Arlen Hammatt;22/12/2018
301;Volkswagen;Gol;68575.00;Brazil;Pernambuco;Jacky Cartan;31/12/2018
206;Ford;Teritory;56049.00;France;Marselha;Cristine De Hoogh;04/01/2019
30;Ferrari;Dino 246;59463.00;Brazil;S„o Paulo;Cynthea Greatbanks;06/01/2019
768;Ferrari;Enzo;72376.00;Brazil;Minas Gerais;Ruddy Gosland;08/01/2019
157;Honda;HR-V;46175.00;France;Tolouse;Winonah Trivett;14/01/2019
111;Volkswagen;Golf;55353.00;Brazil;Bahia;Loria McKeller;18/01/2019
449;Chevrolet;Prisma;47764.00;Brazil;Bahia;Cord Nertney;23/01/2019
931;BMW;BMW SÈrie 3;73617.00;Argentina;Buenos Aires;Ingar Neagle;24/01/2019
493;Volkswagen;Golf;60899.00;Japan;Saitama;Merrilee Grishakin;24/01/2019
363;Chevrolet;Prisma;42907.00;France;Paris;Ilaire Sedgefield;25/01/2019
826;Chevrolet;Tracker;66471.00;United States;Florida;Elijah Ettridge;26/01/2019
640;Chevrolet;Camaro;54901.00;Argentina;CÛrdova;Chevalier Hardwicke;28/01/2019
17;Honda;HR-V;66344.00;Argentina;CÛrdova;Corliss Nuttall;29/01/2019
225;Ford;Mustang;60541.00;United States;Oklahoma;Nathan Muehle;29/01/2019
174;Renault;Logan;69768.00;Brazil;S„o Paulo;Hewitt Colliver;31/01/2019
672;Ford;Mustang;51692.00;China;Pequim;Zelda Mault;01/02/2019
177;Volkswagen;Gol;49360.00;Argentina;Buenos Aires;Redd Barrington;05/02/2019
41;Chevrolet;Cruze;70594.00;Argentina;Mendonza;Daisie Huggons;06/02/2019
163;BMW;X3;74599.00;Brazil;Maranh„o;Karena Whardley;07/02/2019
189;Honda;CR-V;45299.00;China;Hubei;Alair Rennebeck;07/02/2019
634;Ford;Fiesta;64469.00;Brazil;Espirito Santo;Dory Groundwator;08/02/2019
283;Volkswagen;Golf;70262.00;Brazil;Rio Grande do Sul;Risa Hains;19/02/2019
26;Volkswagen;Golf;75190.00;France;Tolouse;Bryce Mallan;19/02/2019
441;Ford;Mustang;41900.00;France;Paris;Claiborne Bailes;19/02/2019
291;Volkswagen;Voyage;42950.00;France;Tolouse;Jerrome Tremlett;22/02/2019
732;Ford;Teritory;79447.00;China;Pequim;Dorris Rebillard;07/03/2019
817;Chevrolet;Tracker;66189.00;Argentina;Mendonza;Rubin Northam;08/03/2019
54;Honda;City;59019.00;Argentina;Chaco;Bordie Grunder;10/03/2019
266;Chevrolet;Onix;55395.00;United States;California;Kev Gogie;11/03/2019
14;Volkswagen;UP!;56560.00;Brazil;Rio de Janeiro;Lenna Knotton;14/03/2019
882;Honda;NSX;73447.00;Brazil;Rio Grande do Norte;Bernard Jahncke;15/03/2019
611;Honda;S2000;49206.00;Japan;Saitama;Corine Muspratt;17/03/2019
794;Honda;HR-V;44883.00;France;Paris;Gene Accum;18/03/2019
913;Chevrolet;Camaro;75843.00;Japan;Yokohama;Myrta Curteis;24/03/2019
294;Ford;Ranger;65551.00;Japan;Osaka;Cyndia Neilands;07/04/2019
278;Ford;Ecosport;49236.00;United States;Ohio;Nealon Darton;09/04/2019
385;Ford;Edge;79939.00;Brazil;Rio Grande do Norte;Caroline Mickelwright;11/04/2019
569;Honda;NSX;63051.00;Brazil;Espirito Santo;Olivette Acland;12/04/2019
314;Renault;Sandero;68056.00;Argentina;Tucum·n;Anne-marie Tofts;25/04/2019
22;Volkswagen;UP!;59431.00;France;Nice;Del Tremblot;26/04/2019
48;Renault;Sandero;77055.00;China;Hubei;Josey Whatmough;30/04/2019
234;Chevrolet;Equinox;56912.00;China;Sichuan;Shina Troillet;01/05/2019
11;Ford;Ranger;55037.00;France;Lyon;Eulalie Fahey;01/05/2019
187;Volkswagen;Fox;49237.00;France;Tolouse;Benedict Skeffington;07/05/2019
537;Volkswagen;Gol;56026.00;United States;Florida;Isahella Abley;08/05/2019
694;Volkswagen;Gol;71912.00;France;Paris;Sheridan Island;11/05/2019
789;Ford;Mustang;54173.00;China;Pequim;Eugenie Sugden;14/05/2019
901;Volkswagen;UP!;75614.00;Brazil;Pernambuco;Fern Manshaw;18/05/2019
573;Volkswagen;Golf;46572.00;Japan;Tokyo;Robinetta Nash;22/05/2019
632;Renault;Logan;78836.00;United States;Washington;Tiffani McLenahan;24/05/2019
860;Renault;Sandero;66647.00;France;Tolouse;Peta Dockwra;25/05/2019
689;Ford;Teritory;54302.00;Brazil;Rio Grande do Sul;Barbabra Johannesson;30/05/2019
298;Honda;Civic;75782.00;China;Shandong;Olva De Luna;04/06/2019
280;Honda;City;41316.00;China;Hubei;Gale Farryann;06/06/2019
532;Honda;City;79707.00;China;Xangai;Karia Pounsett;09/06/2019
87;Renault;Grand Tour;72554.00;France;Paris;Alec Marikhin;19/06/2019
90;Volkswagen;Golf;71587.00;Brazil;Rio de Janeiro;Iain Ferreira;22/06/2019
837;Ford;Ecosport;41436.00;Japan;Tokyo;Leonard Critchell;24/06/2019
374;Ford;Edge;48373.00;Brazil;S„o Paulo;Ariel Curston;25/06/2019
398;Ford;Mustang;49525.00;Japan;Kyoto;Ynes Olivi;28/06/2019
505;Renault;Logan;40648.00;France;Tolouse;Dasha Brame;01/07/2019
948;Volkswagen;Gol;57505.00;Brazil;Rio de Janeiro;Roth Chasteney;03/07/2019
400;Chevrolet;Prisma;70642.00;Japan;Saitama;Babs Kimble;04/07/2019
675;BMW;X5;73617.00;Brazil;Minas Gerais;Jordan Sheekey;07/07/2019
666;Ford;Ranger;60832.00;Brazil;Bahia;Saundra Yalden;11/07/2019
576;Ford;Ranger;43530.00;United States;California;Myrtice Saunter;11/07/2019
178;Chevrolet;Onix;61899.00;Brazil;Santa Catarina;Felice Iliffe;16/07/2019
842;Honda;HR-V;79021.00;France;Tolouse;Bradney Howlings;16/07/2019
898;BMW;BMW SÈrie 5;72893.00;Brazil;Minas Gerais;Barn Bagnal;17/07/2019
466;Renault;Grand Tour;45945.00;Brazil;Rio Grande do Sul;Corly Hicks;19/07/2019
342;Ford;Fiesta;77441.00;Brazil;Rio de Janeiro;Quintana Tavernor;20/07/2019
558;Ford;Fusion;53323.00;United States;Florida;Fina Renals;23/07/2019
633;Volkswagen;Golf;66813.00;Brazil;S„o Paulo;Kristofor Woodfield;24/07/2019
155;Renault;Sandero;49360.00;United States;California;Riane Rolingson;24/07/2019
678;BMW;X5;40600.00;Brazil;Minas Gerais;Darryl Loughran;27/07/2019
483;Chevrolet;Cruze;65940.00;United States;Ohio;Klaus Ronisch;31/07/2019
268;Ford;Mustang;67826.00;China;Hubei;Duff Bougen;03/08/2019
254;Honda;City;76383.00;United States;Ohio;Kamilah Jerrard;03/08/2019
120;BMW;X3;58245.00;France;Marselha;Erskine Geffinger;05/08/2019
628;Ford;Fusion;55948.00;Japan;Kyoto;Laverne Kornyakov;08/08/2019
139;Ford;Mustang;68707.00;China;Hubei;Delores Morfett;09/08/2019
525;Ford;Ecosport;59062.00;Brazil;S„o Paulo;Tymothy Longhi;15/08/2019
822;Renault;Clio;64199.00;France;Tolouse;Nevin Bedingfield;16/08/2019
529;Renault;Grand Tour;55192.00;Brazil;S„o Paulo;Jehu Kybbye;17/08/2019
738;Renault;Logan;51839.00;Brazil;Rio Grande do Sul;Berna Mabb;18/08/2019
615;Volkswagen;Fox;50202.00;China;Hubei;Kellina Letch;18/08/2019
323;Volkswagen;Golf;62037.00;Brazil;Pernambuco;Martie Phette;19/08/2019
830;Ferrari;F8;69982.00;Japan;Tokyo;Hannis Jiroutek;21/08/2019
764;Chevrolet;Tracker;62011.00;Argentina;Chaco;Alexina Orthmann;22/08/2019
824;BMW;BMW SÈrie 3;46979.00;United States;Florida;Rebe Mumberson;25/08/2019
106;Chevrolet;Spin;53182.00;Japan;Yokohama;Chevy Huxstep;26/08/2019
321;Volkswagen;Voyage;63383.00;Brazil;Rio Grande do Sul;Evvie Osanne;28/08/2019
934;Honda;City;66066.00;Japan;Osaka;Darleen Zum Felde;28/08/2019
519;Ferrari;488;70626.00;United States;Oklahoma;Brandy Chellam;30/08/2019
147;Volkswagen;UP!;44146.00;Brazil;Pernambuco;Brad Shipton;31/08/2019
51;Honda;Civic;46337.00;United States;Washington;Red Grocutt;02/09/2019
10;Ford;Mustang;52128.00;Argentina;CÛrdova;Izzy Tineman;12/09/2019
386;Chevrolet;Prisma;66256.00;Japan;Yokohama;Roselia Jenicek;12/09/2019
903;Honda;CR-V;50707.00;Japan;Tokyo;Terrie Ramme;16/09/2019
509;Ford;Fusion;72055.00;Argentina;Tucum·n;Kipp Greenard;18/09/2019
60;Honda;CR-V;77181.00;China;Hubei;Britta Merrydew;19/09/2019
336;Honda;Civic;72155.00;China;Sichuan;Frederique Moneypenny;21/09/2019
39;Renault;Clio;67455.00;France;Tolouse;Rebekah Simonich;23/09/2019
302;Chevrolet;Onix;77820.00;Argentina;Chaco;Hirsch Bartels-Ellis;30/09/2019
952;Ferrari;308 GTS;47193.00;China;Pequim;Catlin Gleder;30/09/2019
618;Ford;Ecosport;44694.00;France;Marselha;Farand Dumsday;05/10/2019
563;BMW;BMW SÈrie 1;62850.00;Brazil;Minas Gerais;Amabel Sallinger;08/10/2019
371;Honda;HR-V;63373.00;China;Shandong;Meghan Luchelli;09/10/2019
547;Chevrolet;Joy;57260.00;France;Marselha;Preston Grayer;14/10/2019
8;Honda;S2000;56856.00;China;Xangai;Pippo Oakenfall;19/10/2019
708;Renault;Grand Tour;49512.00;Brazil;Santa Catarina;Taylor Glanister;22/10/2019
40;Honda;HR-V;47877.00;United States;Ohio;Tanhya Mion;22/10/2019
531;Volkswagen;Polo;79878.00;China;Shandong;Rosie Smedmoor;01/11/2019
233;Ferrari;LaFerrari;65962.00;China;Hubei;Lurette Morfell;08/11/2019
488;Ferrari;Dino 246;58331.00;China;Hubei;Kevina Scranedge;09/11/2019
373;Volkswagen;Passat;54364.00;Japan;Kyoto;Jocelyne Mobberley;17/11/2019
219;Renault;Duster;44814.00;China;Xangai;Forrest Shearsby;20/11/2019
221;Renault;Clio;65757.00;France;Paris;Winston Wildor;20/11/2019
728;Chevrolet;Onix;71623.00;United States;California;Eloisa Tellett;21/11/2019
475;Renault;Duster;43161.00;China;Hubei;Gabe Extil;26/11/2019
156;Ford;Ranger;78854.00;Argentina;CÛrdova;Karalee Faithorn;27/11/2019
562;Volkswagen;Jetta;78864.00;France;Marselha;Davey Lamberth;28/11/2019
79;Ford;Fiesta;66175.00;Brazil;Rio Grande do Sul;Kary Moutray Read;30/11/2019
92;Volkswagen;UP!;43850.00;Brazil;Rio de Janeiro;Cornell Middle;05/12/2019
730;Volkswagen;Jetta;71710.00;Brazil;Rio de Janeiro;Maurita Durie;06/12/2019
676;Renault;Logan;72645.00;Brazil;S„o Paulo;Colver Waterfield;08/12/2019
905;Chevrolet;Equinox;78079.00;Argentina;Chaco;Trudie Guynemer;16/12/2019
885;Renault;Clio;40485.00;China;Xangai;Saba Pooly;17/12/2019
208;Chevrolet;Spin;57206.00;Argentina;CÛrdova;Rossy Cathersides;20/12/2019
417;Chevrolet;Onix;45074.00;Argentina;Tucum·n;Roseann Foye;22/12/2019
124;Ford;Mustang;46413.00;Japan;Kyoto;Liz Coucha;22/12/2019
361;Ford;Fiesta;42999.00;Brazil;S„o Paulo;Cristie Goodie;28/12/2019
506;Chevrolet;Joy;49103.00;China;Xangai;Valle Sandifer;01/01/2020
215;Ford;Fusion;70802.00;China;Xangai;Brendan MacMarcuis;02/01/2020
85;Chevrolet;Joy;79280.00;United States;Florida;Marie-ann Broggelli;04/01/2020
714;Ford;Ka;71781.00;France;Paris;Fraser Aldington;05/01/2020
810;Honda;S2000;57013.00;France;Paris;Lindi Bore;10/01/2020
904;Ford;Ranger;43366.00;Brazil;Rio Grande do Norte;Jaye Weiser;14/01/2020
921;Honda;Accord;56666.00;Brazil;Rio Grande do Norte;Cosimo Eyers;14/01/2020
747;Renault;Sandero;79727.00;France;Tolouse;Fin Wylder;20/01/2020
871;Ferrari;Enzo;46643.00;China;Pequim;Verge Abell;23/01/2020
838;Honda;HR-V;69251.00;China;Xangai;Persis Warsop;28/01/2020
594;Honda;CR-V;54416.00;China;Sichuan;Sigismond Bapty;31/01/2020
592;Volkswagen;UP!;65418.00;China;Pequim;Ranna Lafflin;02/02/2020
880;Chevrolet;Joy;60633.00;France;Tolouse;Humberto Cahillane;08/02/2020
116;Volkswagen;Jetta;65119.00;China;Sichuan;Fowler Pinnington;12/02/2020
589;Chevrolet;Cruze;70202.00;France;Lyon;Grace Spurryer;12/02/2020
629;Chevrolet;Joy;79792.00;United States;Florida;Cristobal Wagg;16/02/2020
160;BMW;X6;45928.00;Brazil;Goi·s;Myrilla Brotherhood;20/02/2020
947;Honda;Accord;54707.00;China;Shandong;Casey Brend;22/02/2020
585;Chevrolet;Joy;56418.00;Argentina;Buenos Aires;Brittaney Norvell;24/02/2020
383;Ford;Mustang;49403.00;Brazil;Amazonas;Sloane Brewster;02/03/2020
908;Honda;S2000;44552.00;France;Tolouse;Marcy Simonich;11/03/2020
507;Ford;Mustang;52287.00;Brazil;Bahia;Krista McEvilly;16/03/2020
353;Ferrari;308 GTS;62355.00;United States;Ohio;Kaylee Purshouse;30/03/2020
121;Honda;City;67996.00;Brazil;S„o Paulo;Oren Ruddell;04/04/2020
784;Ford;Fusion;66861.00;China;Xangai;Yard Gostall;04/04/2020
390;Renault;Sandero;60419.00;Argentina;Tucum·n;Chris Deboick;06/04/2020
479;Renault;Sandero;48429.00;Japan;Osaka;Grayce Sancraft;07/04/2020
853;Ford;Fusion;62866.00;Brazil;Rio Grande do Norte;Clayborn Chew;08/04/2020
742;Renault;Duster;71125.00;France;Paris;York Shapero;09/04/2020
205;BMW;Z4;62513.00;Brazil;Maranh„o;Stevy Newark;10/04/2020
448;Volkswagen;Golf;55420.00;Japan;Osaka;Roda Shutt;13/04/2020
896;Honda;NSX;40460.00;China;Shandong;Lee Crutchfield;14/04/2020
779;Honda;CR-V;41307.00;China;Shandong;Giustina Kiebes;24/04/2020
372;Honda;HR-V;56432.00;China;Shandong;Lilian Gibbons;29/04/2020
259;Ferrari;F50;78710.00;Argentina;Tucum·n;Milli Stirrup;03/05/2020
700;BMW;BMW SÈrie 1;52466.11;France;Marselha;Tommy Colt;05/05/2020
365;BMW;X5;76121.00;United States;California;Sukey Casetta;09/05/2020
843;Chevrolet;Joy;59503.00;Japan;Osaka;Ilyse Perello;11/05/2020
55;Volkswagen;Voyage;60946.00;Brazil;Rio de Janeiro;Jenni Spuner;13/05/2020
188;Renault;Clio;76893.00;France;Marselha;Daphene Iceton;22/05/2020
878;Volkswagen;Polo;52738.00;China;Pequim;Meta Mee;29/05/2020
889;Honda;NSX;63928.00;Japan;Tokyo;Anthe Imlach;29/05/2020
895;Renault;Clio;70664.00;Brazil;Bahia;Rad Oxterby;04/06/2020
955;Honda;CR-V;41307.00;Japan;Tokyo;Giustina Kiebes;24/07/2018
956;Honda;HR-V;56432.00;China;Shandong;Lilian Gibbons;29/01/2018
957;Renault;Sandero;61277.00;United States;California;Lazare Khidr;25/06/2018
958;Renault;Kwid;40942.00;France;Marselha;Harmonia Impleton;03/06/2018
959;Renault;Logan;69768.00;Brazil;S„o Paulo;Hewitt Colliver;31/12/2018
960;Renault;Sandero;68056.00;Argentina;Tucum·n;Anne-marie Tofts;25/12/2018
961;Renault;Sandero;79727.00;France;Tolouse;Fin Wylder;20/12/2018
962;BMW;X5;73617.00;Brazil;Minas Gerais;Jordan Sheekey;07/01/2018
963;BMW;X5;40600.00;Brazil;Minas Gerais;Darryl Loughran;27/02/2018
964;BMW;X3;58245.00;France;Marselha;Erskine Geffinger;27/03/2018
965;BMW;BMW SÈrie 3;46979.00;United States;Florida;Rebe Mumberson;27/05/2018
966;BMW;I8;47522.00;Japan;Osaka;Moreen Nuzzti;31/10/2018
967;BMW;X6;77612.00;Argentina;CÛrdova;Camellia Vittet;17/09/2018
968;BMW;BMW SÈrie 1;78035.00;Argentina;CÛrdova;Daphene Kulicke;17/12/2018
969;Volkswagen;UP!;43850.00;Brazil;Rio de Janeiro;Cornell Middle;05/07/2018
970;Volkswagen;Jetta;71710.00;Brazil;Rio de Janeiro;Maurita Durie;06/07/2018
971;Ferrari;308 GTS;77526.00;France;Paris;Melisa Markova;30/03/2018
972;Ferrari;F8;70074.00;France;Paris;Karine Sauniere;26/05/2018
973;Ferrari;Dino 246;55501.00;France;Paris;Joyan Duddle;26/06/2018
974;Ferrari;Portofino;71984.00;Brazil;Minas Gerais;Rozamond Blade;26/07/2018
975;Ferrari;F8;74755.00;France;Marselha;Robers Davson;26/08/2018
976;Ferrari;Portofino;52057.00;United States;California;Mellisent Gasnell;26/09/2018
977;Ferrari;Dino 246;59463.00;Brazil;S„o Paulo;Cynthea Greatbanks;09/11/2018
978;Chevrolet;Cruze;65940.00;United States;Ohio;Klaus Ronisch;28/02/2018
979;Chevrolet;Tracker;62011.00;Argentina;Chaco;Alexina Orthmann;22/10/2018
980;Chevrolet;Spin;53182.00;Japan;Yokohama;Chevy Huxstep;26/11/2018
981;Chevrolet;Prisma;66256.00;Japan;Yokohama;Roselia Jenicek;12/11/2018
982;Chevrolet;Joy;57260.00;France;Marselha;Preston Grayer;14/02/2018
983;Honda;NSX;57159.45;Japan;Saitama;Lari Yaldren;30/07/2018
984;Honda;CR-V;53529.00;France;Tolouse;Pavel Cluet;09/07/2018
985;Honda;S2000;57013.00;France;Paris;Lindi Bore;10/01/2020
986;Ford;Ranger;43366.00;Brazil;Rio Grande do Norte;Jaye Weiser;14/01/2020
987;Honda;Accord;56666.00;Brazil;Rio Grande do Norte;Cosimo Eyers;14/01/2020
988;Renault;Sandero;79727.00;France;Tolouse;Fin Wylder;20/01/2020
989;Ferrari;Enzo;46643.00;China;Pequim;Verge Abell;23/01/2020
990;Honda;HR-V;69251.00;China;Xangai;Persis Warsop;28/01/2020
991;Honda;CR-V;54416.00;China;Sichuan;Sigismond Bapty;31/01/2020
992;Volkswagen;UP!;65418.00;China;Pequim;Ranna Lafflin;02/02/2020
993;Chevrolet;Joy;60633.00;France;Tolouse;Humberto Cahillane;08/02/2020
994;Volkswagen;Jetta;65119.00;China;Sichuan;Fowler Pinnington;12/02/2020
995;Chevrolet;Cruze;70202.00;France;Lyon;Grace Spurryer;12/02/2020
996;Chevrolet;Joy;79792.00;United States;Florida;Cristobal Wagg;16/02/2020
997;BMW;X6;45928.00;Brazil;Goi·s;Myrilla Brotherhood;20/02/2020
998;Honda;Accord;54707.00;China;Shandong;Casey Brend;22/02/2020
999;Chevrolet;Joy;56418.00;Argentina;Buenos Aires;Brittaney Norvell;24/02/2020
1000;Ford;Mustang;49403.00;Brazil;Amazonas;Sloane Brewster;02/03/2020
1001;Honda;S2000;44552.00;France;Tolouse;Marcy Simonich;11/03/2020
1002;Ford;Mustang;52287.00;Brazil;Bahia;Krista McEvilly;16/03/2020
1003;Ferrari;308 GTS;62355.00;United States;Ohio;Kaylee Purshouse;30/03/2020
1004;Honda;City;67996.00;Brazil;S„o Paulo;Oren Ruddell;04/04/2020
1005;Ford;Fusion;66861.00;China;Xangai;Yard Gostall;04/04/2020
1006;Renault;Sandero;60419.00;Argentina;Tucum·n;Chris Deboick;06/04/2020
1007;Renault;Sandero;48429.00;Japan;Osaka;Grayce Sancraft;07/04/2020
1008;Ford;Fusion;62866.00;Brazil;Rio Grande do Norte;Clayborn Chew;08/04/2020
1009;Renault;Duster;71125.00;France;Paris;York Shapero;09/04/2020
1010;BMW;Z4;62513.00;Brazil;Maranh„o;Stevy Newark;10/04/2020
1011;Volkswagen;Golf;55420.00;Japan;Osaka;Roda Shutt;13/04/2020
1012;Honda;NSX;40460.00;China;Shandong;Lee Crutchfield;14/04/2020
1013;Honda;CR-V;41307.00;China;Shandong;Giustina Kiebes;24/04/2020
1014;Honda;HR-V;56432.00;China;Shandong;Lilian Gibbons;29/04/2020
1015;Ferrari;F50;78710.00;Argentina;Tucum·n;Milli Stirrup;03/05/2020
1016;BMW;BMW SÈrie 1;52466.11;France;Marselha;Tommy Colt;05/05/2020
1017;BMW;X5;76121.00;United States;California;Sukey Casetta;09/05/2020
1018;Chevrolet;Joy;59503.00;Japan;Osaka;Ilyse Perello;11/05/2020
1019;Volkswagen;Voyage;60946.00;Brazil;Rio de Janeiro;Jenni Spuner;13/05/2020
